route_id,from_bunker_id,to_bunker_id,material_id,max_kg_per_day,lead_time_days,cost_krw_per_kg
R-01,BNK-L1-2,BNK-L3-2,PET-SD,40000,1,25
R-02,BNK-L3-2,BNK-L1-2,PET-SD,35000,1,25
R-03,BNK-L1-1,BNK-L2-1,PET-BR,50000,1,18
R-04,BNK-L2-1,BNK-L3-1,PET-BR,50000,1,18
R-05,BNK-L3-1,BNK-L4-1,PET-BR,45000,1,18
R-06,BNK-L2-3,BNK-L1-3,MB-AB,8000,1,40
R-07,BNK-L1-4,BNK-L3-3,MB-SL,7000,1,40
R-08,BNK-L3-4,BNK-L4-4,MB-UV,6000,1,45
R-09,BNK-L5-1,BNK-L6-1,NY6-F,35000,1,22
R-10,BNK-L6-1,BNK-L5-1,NY6-F,35000,1,22
R-11,BNK-L5-2,BNK-L6-2,NY6-H,25000,1,24
R-12,BNK-L6-4,BNK-L5-4,MB-NS,5000,1,42
