bunker_id,line_id,material_id,capacity_kg,safety_stock_kg
BNK-L1-1,L1,PET-BR,250000,45000
BNK-L1-2,L1,PET-SD,250000,12000
BNK-L1-3,L1,MB-AB,20000,2500
BNK-L1-4,L1,MB-SL,18000,2200
BNK-L2-1,L2,PET-BR,250000,45000
BNK-L2-2,L2,PET-RC,150000,35000
BNK-L2-3,L2,MB-AB,20000,2500
BNK-L2-4,L2,MB-WH,18000,2200
BNK-L3-1,L3,PET-BR,250000,45000
BNK-L3-2,L3,PET-SD,250000,12000
BNK-L3-3,L3,MB-SL,18000,2200
BNK-L3-4,L3,MB-UV,16000,1000
BNK-L4-1,L4,PET-BR,250000,45000
BNK-L4-2,L4,PET-CO,150000,32000
BNK-L4-3,L4,MB-WH,18000,2200
BNK-L4-4,L4,MB-UV,16000,1000
BNK-L5-1,L5,NY6-F,170000,35000
BNK-L5-2,L5,NY6-H,150000,18000
BNK-L5-3,L5,MB-NA,16000,1800
BNK-L5-4,L5,MB-NS,16000,1800
BNK-L6-1,L6,NY6-F,170000,35000
BNK-L6-2,L6,NY6-H,150000,18000
BNK-L6-3,L6,MB-NA,16000,1800
BNK-L6-4,L6,MB-NS,16000,1800
