plan_id,plan_date,line_id,product_id,planned_output_kg,sales_order_id
PLAN-0001,20261001,L1,P-L1-02,51200,SO-0001
PLAN-0002,20261001,L2,P-L2-03,49200,SO-0002
PLAN-0003,20261001,L3,P-L3-04,49200,SO-0003
PLAN-0004,20261001,L4,P-L4-05,46200,SO-0004
PLAN-0005,20261001,L5,P-L5-01,27640,SO-0005
PLAN-0006,20261001,L6,P-L6-02,25640,SO-0006
PLAN-0007,20261002,L1,P-L1-03,51600,SO-0007
PLAN-0008,20261002,L2,P-L2-04,49600,SO-0008
PLAN-0009,20261002,L3,P-L3-05,49600,SO-0009
PLAN-0010,20261002,L4,P-L4-01,46600,SO-0010
PLAN-0011,20261002,L5,P-L5-02,27820,SO-0011
PLAN-0012,20261002,L6,P-L6-03,25820,SO-0012
PLAN-0013,20261003,L1,P-L1-04,52000,SO-0013
PLAN-0014,20261003,L2,P-L2-05,50000,SO-0014
PLAN-0015,20261003,L3,P-L3-01,50000,SO-0015
PLAN-0016,20261003,L4,P-L4-02,47000,SO-0016
PLAN-0017,20261003,L5,P-L5-03,28000,SO-0017
PLAN-0018,20261003,L6,P-L6-04,26000,SO-0018
PLAN-0019,20261004,L1,P-L1-05,52400,SO-0019
PLAN-0020,20261004,L2,P-L2-01,50400,SO-0020
PLAN-0021,20261004,L3,P-L3-01,50400,SO-0021
PLAN-0022,20261004,L4,P-L4-03,47400,SO-0022
PLAN-0023,20261004,L5,P-L5-04,28180,SO-0023
PLAN-0024,20261004,L6,P-L6-05,26180,SO-0024
PLAN-0025,20261005,L1,P-L1-01,52800,SO-0025
PLAN-0026,20261005,L2,P-L2-02,50800,SO-0026
PLAN-0027,20261005,L3,P-L3-01,50800,SO-0027
PLAN-0028,20261005,L4,P-L4-04,47800,SO-0028
PLAN-0029,20261005,L5,P-L5-05,28360,SO-0029
PLAN-0030,20261005,L6,P-L6-01,26360,SO-0030
PLAN-0031,20261006,L1,P-L1-02,51200,SO-0031
PLAN-0032,20261006,L2,P-L2-03,49200,SO-0032
PLAN-0033,20261006,L3,P-L3-01,49200,SO-0033
PLAN-0034,20261006,L4,P-L4-05,46200,SO-0034
PLAN-0035,20261006,L5,P-L5-01,27640,SO-0035
PLAN-0036,20261006,L6,P-L6-02,25640,SO-0036
PLAN-0037,20261007,L1,P-L1-03,51600,SO-0037
PLAN-0038,20261007,L2,P-L2-04,49600,SO-0038
PLAN-0039,20261007,L3,P-L3-01,49600,SO-0039
PLAN-0040,20261007,L4,P-L4-01,46600,SO-0040
PLAN-0041,20261007,L5,P-L5-02,27820,SO-0041
PLAN-0042,20261007,L6,P-L6-03,25820,SO-0042
PLAN-0043,20261008,L1,P-L1-04,52000,SO-0043
PLAN-0044,20261008,L2,P-L2-05,50000,SO-0044
PLAN-0045,20261008,L3,P-L3-01,50000,SO-0045
PLAN-0046,20261008,L4,P-L4-02,47000,SO-0046
PLAN-0047,20261008,L5,P-L5-03,28000,SO-0047
PLAN-0048,20261008,L6,P-L6-04,26000,SO-0048
PLAN-0049,20261009,L1,P-L1-05,52400,SO-0049
PLAN-0050,20261009,L2,P-L2-01,50400,SO-0050
PLAN-0051,20261009,L3,P-L3-02,50400,SO-0051
PLAN-0052,20261009,L4,P-L4-03,47400,SO-0052
PLAN-0053,20261009,L5,P-L5-04,28180,SO-0053
PLAN-0054,20261009,L6,P-L6-05,26180,SO-0054
PLAN-0055,20261010,L1,P-L1-01,52800,SO-0055
PLAN-0056,20261010,L2,P-L2-02,50800,SO-0056
PLAN-0057,20261010,L3,P-L3-03,50800,SO-0057
PLAN-0058,20261010,L4,P-L4-04,47800,SO-0058
PLAN-0059,20261010,L5,P-L5-05,28360,SO-0059
PLAN-0060,20261010,L6,P-L6-01,26360,SO-0060
PLAN-0061,20261011,L1,P-L1-02,51200,SO-0061
PLAN-0062,20261011,L2,P-L2-03,49200,SO-0062
PLAN-0063,20261011,L4,P-L4-05,46200,SO-0063
PLAN-0064,20261011,L5,P-L5-01,27640,SO-0064
PLAN-0065,20261011,L6,P-L6-02,25640,SO-0065
PLAN-0066,20261012,L1,P-L1-03,51600,SO-0066
PLAN-0067,20261012,L2,P-L2-04,49600,SO-0067
PLAN-0068,20261012,L4,P-L4-01,46600,SO-0068
PLAN-0069,20261012,L5,P-L5-02,27820,SO-0069
PLAN-0070,20261012,L6,P-L6-03,25820,SO-0070
PLAN-0071,20261013,L1,P-L1-04,52000,SO-0071
PLAN-0072,20261013,L2,P-L2-05,50000,SO-0072
PLAN-0073,20261013,L4,P-L4-02,47000,SO-0073
PLAN-0074,20261013,L5,P-L5-03,28000,SO-0074
PLAN-0075,20261013,L6,P-L6-04,26000,SO-0075
PLAN-0076,20261014,L1,P-L1-05,52400,SO-0076
PLAN-0077,20261014,L2,P-L2-01,50400,SO-0077
PLAN-0078,20261014,L4,P-L4-03,47400,SO-0078
PLAN-0079,20261014,L5,P-L5-04,28180,SO-0079
PLAN-0080,20261014,L6,P-L6-05,26180,SO-0080
PLAN-0081,20261015,L1,P-L1-01,52800,SO-0081
PLAN-0082,20261015,L2,P-L2-02,50800,SO-0082
PLAN-0083,20261015,L4,P-L4-04,47800,SO-0083
PLAN-0084,20261015,L5,P-L5-05,28360,SO-0084
PLAN-0085,20261015,L6,P-L6-01,26360,SO-0085
PLAN-0086,20261016,L1,P-L1-02,51200,SO-0086
PLAN-0087,20261016,L2,P-L2-03,49200,SO-0087
PLAN-0088,20261016,L3,P-L3-04,49200,SO-0088
PLAN-0089,20261016,L4,P-L4-05,46200,SO-0089
PLAN-0090,20261016,L5,P-L5-01,27640,SO-0090
PLAN-0091,20261016,L6,P-L6-02,25640,SO-0091
PLAN-0092,20261017,L1,P-L1-03,51600,SO-0092
PLAN-0093,20261017,L2,P-L2-04,49600,SO-0093
PLAN-0094,20261017,L3,P-L3-05,49600,SO-0094
PLAN-0095,20261017,L4,P-L4-01,46600,SO-0095
PLAN-0096,20261017,L5,P-L5-02,27820,SO-0096
PLAN-0097,20261017,L6,P-L6-03,25820,SO-0097
PLAN-0098,20261018,L1,P-L1-04,52000,SO-0098
PLAN-0099,20261018,L2,P-L2-05,50000,SO-0099
PLAN-0100,20261018,L3,P-L3-01,50000,SO-0100
PLAN-0101,20261018,L4,P-L4-02,47000,SO-0101
PLAN-0102,20261018,L5,P-L5-03,28000,SO-0102
PLAN-0103,20261018,L6,P-L6-04,26000,SO-0103
PLAN-0104,20261019,L1,P-L1-05,52400,SO-0104
PLAN-0105,20261019,L2,P-L2-01,50400,SO-0105
PLAN-0106,20261019,L3,P-L3-02,50400,SO-0106
PLAN-0107,20261019,L4,P-L4-03,47400,SO-0107
PLAN-0108,20261019,L5,P-L5-04,28180,SO-0108
PLAN-0109,20261019,L6,P-L6-05,26180,SO-0109
PLAN-0110,20261020,L1,P-L1-01,52800,SO-0110
PLAN-0111,20261020,L2,P-L2-02,50800,SO-0111
PLAN-0112,20261020,L3,P-L3-03,50800,SO-0112
PLAN-0113,20261020,L4,P-L4-04,47800,SO-0113
PLAN-0114,20261020,L5,P-L5-05,28360,SO-0114
PLAN-0115,20261020,L6,P-L6-01,26360,SO-0115
PLAN-0116,20261021,L1,P-L1-02,51200,SO-0116
PLAN-0117,20261021,L2,P-L2-03,49200,SO-0117
PLAN-0118,20261021,L3,P-L3-04,49200,SO-0118
PLAN-0119,20261021,L4,P-L4-05,46200,SO-0119
PLAN-0120,20261021,L5,P-L5-01,27640,SO-0120
PLAN-0121,20261021,L6,P-L6-02,25640,SO-0121
PLAN-0122,20261022,L1,P-L1-03,51600,SO-0122
PLAN-0123,20261022,L2,P-L2-04,49600,SO-0123
PLAN-0124,20261022,L3,P-L3-05,49600,SO-0124
PLAN-0125,20261022,L4,P-L4-01,46600,SO-0125
PLAN-0126,20261022,L5,P-L5-02,27820,SO-0126
PLAN-0127,20261022,L6,P-L6-03,25820,SO-0127
PLAN-0128,20261023,L1,P-L1-04,52000,SO-0128
PLAN-0129,20261023,L2,P-L2-05,50000,SO-0129
PLAN-0130,20261023,L3,P-L3-01,50000,SO-0130
PLAN-0131,20261023,L4,P-L4-02,47000,SO-0131
PLAN-0132,20261023,L5,P-L5-03,28000,SO-0132
PLAN-0133,20261023,L6,P-L6-04,26000,SO-0133
PLAN-0134,20261024,L1,P-L1-05,52400,SO-0134
PLAN-0135,20261024,L2,P-L2-01,50400,SO-0135
PLAN-0136,20261024,L3,P-L3-02,50400,SO-0136
PLAN-0137,20261024,L4,P-L4-03,47400,SO-0137
PLAN-0138,20261024,L5,P-L5-04,28180,SO-0138
PLAN-0139,20261024,L6,P-L6-05,26180,SO-0139
PLAN-0140,20261025,L1,P-L1-01,52800,SO-0140
PLAN-0141,20261025,L2,P-L2-02,50800,SO-0141
PLAN-0142,20261025,L3,P-L3-03,50800,SO-0142
PLAN-0143,20261025,L4,P-L4-04,47800,SO-0143
PLAN-0144,20261025,L5,P-L5-05,28360,SO-0144
PLAN-0145,20261025,L6,P-L6-01,26360,SO-0145
PLAN-0146,20261026,L1,P-L1-02,51200,SO-0146
PLAN-0147,20261026,L2,P-L2-03,49200,SO-0147
PLAN-0148,20261026,L3,P-L3-04,49200,SO-0148
PLAN-0149,20261026,L4,P-L4-05,46200,SO-0149
PLAN-0150,20261026,L5,P-L5-01,27640,SO-0150
PLAN-0151,20261026,L6,P-L6-02,25640,SO-0151
PLAN-0152,20261027,L1,P-L1-03,51600,SO-0152
PLAN-0153,20261027,L2,P-L2-04,49600,SO-0153
PLAN-0154,20261027,L3,P-L3-05,49600,SO-0154
PLAN-0155,20261027,L4,P-L4-01,46600,SO-0155
PLAN-0156,20261027,L5,P-L5-02,27820,SO-0156
PLAN-0157,20261027,L6,P-L6-03,25820,SO-0157
PLAN-0158,20261028,L1,P-L1-04,52000,SO-0158
PLAN-0159,20261028,L2,P-L2-05,50000,SO-0159
PLAN-0160,20261028,L3,P-L3-01,50000,SO-0160
PLAN-0161,20261028,L4,P-L4-02,47000,SO-0161
PLAN-0162,20261028,L5,P-L5-03,28000,SO-0162
PLAN-0163,20261028,L6,P-L6-04,26000,SO-0163
PLAN-0164,20261029,L1,P-L1-05,52400,SO-0164
PLAN-0165,20261029,L2,P-L2-01,50400,SO-0165
PLAN-0166,20261029,L3,P-L3-02,50400,SO-0166
PLAN-0167,20261029,L4,P-L4-03,47400,SO-0167
PLAN-0168,20261029,L5,P-L5-04,28180,SO-0168
PLAN-0169,20261029,L6,P-L6-05,26180,SO-0169
PLAN-0170,20261030,L1,P-L1-01,52800,SO-0170
PLAN-0171,20261030,L2,P-L2-02,50800,SO-0171
PLAN-0172,20261030,L3,P-L3-03,50800,SO-0172
PLAN-0173,20261030,L4,P-L4-04,47800,SO-0173
PLAN-0174,20261030,L5,P-L5-05,28360,SO-0174
PLAN-0175,20261030,L6,P-L6-01,26360,SO-0175
PLAN-0176,20261031,L1,P-L1-02,51200,SO-0176
PLAN-0177,20261031,L2,P-L2-03,49200,SO-0177
PLAN-0178,20261031,L3,P-L3-04,49200,SO-0178
PLAN-0179,20261031,L4,P-L4-05,46200,SO-0179
PLAN-0180,20261031,L5,P-L5-01,27640,SO-0180
PLAN-0181,20261031,L6,P-L6-02,25640,SO-0181
PLAN-0182,20261101,L1,P-L1-03,51600,SO-0182
PLAN-0183,20261101,L2,P-L2-04,49600,SO-0183
PLAN-0184,20261101,L3,P-L3-05,49600,SO-0184
PLAN-0185,20261101,L4,P-L4-01,46600,SO-0185
PLAN-0186,20261101,L5,P-L5-02,27820,SO-0186
PLAN-0187,20261101,L6,P-L6-03,25820,SO-0187
PLAN-0188,20261102,L1,P-L1-04,52000,SO-0188
PLAN-0189,20261102,L2,P-L2-05,50000,SO-0189
PLAN-0190,20261102,L3,P-L3-01,50000,SO-0190
PLAN-0191,20261102,L4,P-L4-02,47000,SO-0191
PLAN-0192,20261102,L5,P-L5-03,28000,SO-0192
PLAN-0193,20261102,L6,P-L6-04,26000,SO-0193
PLAN-0194,20261103,L1,P-L1-05,52400,SO-0194
PLAN-0195,20261103,L2,P-L2-01,50400,SO-0195
PLAN-0196,20261103,L3,P-L3-02,50400,SO-0196
PLAN-0197,20261103,L4,P-L4-03,47400,SO-0197
PLAN-0198,20261103,L5,P-L5-04,28180,SO-0198
PLAN-0199,20261103,L6,P-L6-05,26180,SO-0199
PLAN-0200,20261104,L1,P-L1-01,52800,SO-0200
PLAN-0201,20261104,L2,P-L2-02,50800,SO-0201
PLAN-0202,20261104,L3,P-L3-03,50800,SO-0202
PLAN-0203,20261104,L4,P-L4-04,47800,SO-0203
PLAN-0204,20261104,L5,P-L5-05,28360,SO-0204
PLAN-0205,20261104,L6,P-L6-01,26360,SO-0205
PLAN-0206,20261105,L1,P-L1-02,51200,SO-0206
PLAN-0207,20261105,L2,P-L2-03,49200,SO-0207
PLAN-0208,20261105,L3,P-L3-04,49200,SO-0208
PLAN-0209,20261105,L4,P-L4-05,46200,SO-0209
PLAN-0210,20261105,L5,P-L5-01,27640,SO-0210
PLAN-0211,20261105,L6,P-L6-02,25640,SO-0211
PLAN-0212,20261106,L1,P-L1-03,51600,SO-0212
PLAN-0213,20261106,L2,P-L2-04,49600,SO-0213
PLAN-0214,20261106,L3,P-L3-05,49600,SO-0214
PLAN-0215,20261106,L4,P-L4-01,46600,SO-0215
PLAN-0216,20261106,L5,P-L5-02,27820,SO-0216
PLAN-0217,20261106,L6,P-L6-03,25820,SO-0217
PLAN-0218,20261107,L1,P-L1-04,52000,SO-0218
PLAN-0219,20261107,L2,P-L2-05,50000,SO-0219
PLAN-0220,20261107,L3,P-L3-01,50000,SO-0220
PLAN-0221,20261107,L4,P-L4-02,47000,SO-0221
PLAN-0222,20261107,L5,P-L5-03,28000,SO-0222
PLAN-0223,20261107,L6,P-L6-04,26000,SO-0223
PLAN-0224,20261108,L1,P-L1-05,52400,SO-0224
PLAN-0225,20261108,L2,P-L2-01,50400,SO-0225
PLAN-0226,20261108,L3,P-L3-02,50400,SO-0226
PLAN-0227,20261108,L4,P-L4-03,47400,SO-0227
PLAN-0228,20261108,L5,P-L5-04,28180,SO-0228
PLAN-0229,20261108,L6,P-L6-05,26180,SO-0229
PLAN-0230,20261109,L1,P-L1-01,52800,SO-0230
PLAN-0231,20261109,L2,P-L2-02,50800,SO-0231
PLAN-0232,20261109,L3,P-L3-03,50800,SO-0232
PLAN-0233,20261109,L4,P-L4-04,47800,SO-0233
PLAN-0234,20261109,L5,P-L5-05,28360,SO-0234
PLAN-0235,20261109,L6,P-L6-01,26360,SO-0235
PLAN-0236,20261110,L1,P-L1-02,51200,SO-0236
PLAN-0237,20261110,L2,P-L2-03,49200,SO-0237
PLAN-0238,20261110,L3,P-L3-04,49200,SO-0238
PLAN-0239,20261110,L4,P-L4-05,46200,SO-0239
PLAN-0240,20261110,L5,P-L5-01,27640,SO-0240
PLAN-0241,20261110,L6,P-L6-02,25640,SO-0241
PLAN-0242,20261111,L1,P-L1-03,51600,SO-0242
PLAN-0243,20261111,L2,P-L2-04,49600,SO-0243
PLAN-0244,20261111,L3,P-L3-05,49600,SO-0244
PLAN-0245,20261111,L4,P-L4-01,46600,SO-0245
PLAN-0246,20261111,L5,P-L5-02,27820,SO-0246
PLAN-0247,20261111,L6,P-L6-03,25820,SO-0247
PLAN-0248,20261112,L1,P-L1-04,52000,SO-0248
PLAN-0249,20261112,L2,P-L2-05,50000,SO-0249
PLAN-0250,20261112,L3,P-L3-01,50000,SO-0250
PLAN-0251,20261112,L4,P-L4-02,47000,SO-0251
PLAN-0252,20261112,L5,P-L5-03,28000,SO-0252
PLAN-0253,20261112,L6,P-L6-04,26000,SO-0253
PLAN-0254,20261113,L1,P-L1-05,52400,SO-0254
PLAN-0255,20261113,L2,P-L2-01,50400,SO-0255
PLAN-0256,20261113,L3,P-L3-02,50400,SO-0256
PLAN-0257,20261113,L4,P-L4-03,47400,SO-0257
PLAN-0258,20261113,L5,P-L5-04,28180,SO-0258
PLAN-0259,20261113,L6,P-L6-05,26180,SO-0259
PLAN-0260,20261114,L1,P-L1-01,52800,SO-0260
PLAN-0261,20261114,L2,P-L2-02,50800,SO-0261
PLAN-0262,20261114,L3,P-L3-03,50800,SO-0262
PLAN-0263,20261114,L4,P-L4-04,47800,SO-0263
PLAN-0264,20261114,L5,P-L5-05,28360,SO-0264
PLAN-0265,20261114,L6,P-L6-01,26360,SO-0265
PLAN-0266,20261115,L1,P-L1-02,51200,SO-0266
PLAN-0267,20261115,L2,P-L2-03,49200,SO-0267
PLAN-0268,20261115,L3,P-L3-04,49200,SO-0268
PLAN-0269,20261115,L4,P-L4-05,46200,SO-0269
PLAN-0270,20261115,L5,P-L5-01,27640,SO-0270
PLAN-0271,20261115,L6,P-L6-02,25640,SO-0271
PLAN-0272,20261116,L1,P-L1-03,51600,SO-0272
PLAN-0273,20261116,L2,P-L2-04,49600,SO-0273
PLAN-0274,20261116,L3,P-L3-05,49600,SO-0274
PLAN-0275,20261116,L4,P-L4-01,46600,SO-0275
PLAN-0276,20261116,L5,P-L5-02,27820,SO-0276
PLAN-0277,20261116,L6,P-L6-03,25820,SO-0277
PLAN-0278,20261117,L1,P-L1-04,52000,SO-0278
PLAN-0279,20261117,L2,P-L2-05,50000,SO-0279
PLAN-0280,20261117,L3,P-L3-01,50000,SO-0280
PLAN-0281,20261117,L4,P-L4-02,47000,SO-0281
PLAN-0282,20261117,L5,P-L5-03,28000,SO-0282
PLAN-0283,20261117,L6,P-L6-04,26000,SO-0283
PLAN-0284,20261118,L1,P-L1-05,52400,SO-0284
PLAN-0285,20261118,L2,P-L2-01,50400,SO-0285
PLAN-0286,20261118,L3,P-L3-02,50400,SO-0286
PLAN-0287,20261118,L4,P-L4-03,47400,SO-0287
PLAN-0288,20261118,L5,P-L5-04,28180,SO-0288
PLAN-0289,20261118,L6,P-L6-05,26180,SO-0289
PLAN-0290,20261119,L1,P-L1-01,52800,SO-0290
PLAN-0291,20261119,L2,P-L2-02,50800,SO-0291
PLAN-0292,20261119,L3,P-L3-03,50800,SO-0292
PLAN-0293,20261119,L4,P-L4-04,47800,SO-0293
PLAN-0294,20261119,L5,P-L5-05,28360,SO-0294
PLAN-0295,20261119,L6,P-L6-01,26360,SO-0295
PLAN-0296,20261120,L1,P-L1-02,51200,SO-0296
PLAN-0297,20261120,L2,P-L2-03,49200,SO-0297
PLAN-0298,20261120,L3,P-L3-04,49200,SO-0298
PLAN-0299,20261120,L4,P-L4-05,46200,SO-0299
PLAN-0300,20261120,L5,P-L5-01,27640,SO-0300
PLAN-0301,20261120,L6,P-L6-02,25640,SO-0301
PLAN-0302,20261121,L1,P-L1-03,51600,SO-0302
PLAN-0303,20261121,L2,P-L2-04,49600,SO-0303
PLAN-0304,20261121,L3,P-L3-05,49600,SO-0304
PLAN-0305,20261121,L4,P-L4-01,46600,SO-0305
PLAN-0306,20261121,L5,P-L5-02,27820,SO-0306
PLAN-0307,20261121,L6,P-L6-03,25820,SO-0307
PLAN-0308,20261122,L1,P-L1-04,52000,SO-0308
PLAN-0309,20261122,L2,P-L2-05,50000,SO-0309
PLAN-0310,20261122,L3,P-L3-01,50000,SO-0310
PLAN-0311,20261122,L4,P-L4-02,47000,SO-0311
PLAN-0312,20261122,L5,P-L5-03,28000,SO-0312
PLAN-0313,20261122,L6,P-L6-04,26000,SO-0313
PLAN-0314,20261123,L1,P-L1-05,52400,SO-0314
PLAN-0315,20261123,L2,P-L2-01,50400,SO-0315
PLAN-0316,20261123,L3,P-L3-02,50400,SO-0316
PLAN-0317,20261123,L4,P-L4-03,47400,SO-0317
PLAN-0318,20261123,L5,P-L5-04,28180,SO-0318
PLAN-0319,20261123,L6,P-L6-05,26180,SO-0319
PLAN-0320,20261124,L1,P-L1-01,52800,SO-0320
PLAN-0321,20261124,L2,P-L2-02,50800,SO-0321
PLAN-0322,20261124,L3,P-L3-03,50800,SO-0322
PLAN-0323,20261124,L4,P-L4-04,47800,SO-0323
PLAN-0324,20261124,L5,P-L5-05,28360,SO-0324
PLAN-0325,20261124,L6,P-L6-01,26360,SO-0325
PLAN-0326,20261125,L1,P-L1-02,51200,SO-0326
PLAN-0327,20261125,L2,P-L2-03,49200,SO-0327
PLAN-0328,20261125,L3,P-L3-04,49200,SO-0328
PLAN-0329,20261125,L4,P-L4-05,46200,SO-0329
PLAN-0330,20261125,L5,P-L5-01,27640,SO-0330
PLAN-0331,20261125,L6,P-L6-02,25640,SO-0331
PLAN-0332,20261126,L1,P-L1-03,51600,SO-0332
PLAN-0333,20261126,L2,P-L2-04,49600,SO-0333
PLAN-0334,20261126,L3,P-L3-05,49600,SO-0334
PLAN-0335,20261126,L4,P-L4-01,46600,SO-0335
PLAN-0336,20261126,L5,P-L5-02,27820,SO-0336
PLAN-0337,20261126,L6,P-L6-03,25820,SO-0337
PLAN-0338,20261127,L1,P-L1-04,52000,SO-0338
PLAN-0339,20261127,L2,P-L2-05,50000,SO-0339
PLAN-0340,20261127,L3,P-L3-01,50000,SO-0340
PLAN-0341,20261127,L4,P-L4-02,47000,SO-0341
PLAN-0342,20261127,L5,P-L5-03,28000,SO-0342
PLAN-0343,20261127,L6,P-L6-04,26000,SO-0343
PLAN-0344,20261128,L1,P-L1-05,52400,SO-0344
PLAN-0345,20261128,L2,P-L2-01,50400,SO-0345
PLAN-0346,20261128,L3,P-L3-02,50400,SO-0346
PLAN-0347,20261128,L4,P-L4-03,47400,SO-0347
PLAN-0348,20261128,L5,P-L5-04,28180,SO-0348
PLAN-0349,20261128,L6,P-L6-05,26180,SO-0349
PLAN-0350,20261129,L1,P-L1-01,52800,SO-0350
PLAN-0351,20261129,L2,P-L2-02,50800,SO-0351
PLAN-0352,20261129,L3,P-L3-03,50800,SO-0352
PLAN-0353,20261129,L4,P-L4-04,47800,SO-0353
PLAN-0354,20261129,L5,P-L5-05,28360,SO-0354
PLAN-0355,20261129,L6,P-L6-01,26360,SO-0355
PLAN-0356,20261130,L1,P-L1-02,51200,SO-0356
PLAN-0357,20261130,L2,P-L2-03,49200,SO-0357
PLAN-0358,20261130,L3,P-L3-04,49200,SO-0358
PLAN-0359,20261130,L4,P-L4-05,46200,SO-0359
PLAN-0360,20261130,L5,P-L5-01,27640,SO-0360
PLAN-0361,20261130,L6,P-L6-02,25640,SO-0001
PLAN-0362,20261201,L1,P-L1-03,51600,SO-0002
PLAN-0363,20261201,L2,P-L2-04,49600,SO-0003
PLAN-0364,20261201,L3,P-L3-05,49600,SO-0004
PLAN-0365,20261201,L4,P-L4-01,46600,SO-0005
PLAN-0366,20261201,L5,P-L5-02,27820,SO-0006
PLAN-0367,20261201,L6,P-L6-03,25820,SO-0007
PLAN-0368,20261202,L1,P-L1-04,52000,SO-0008
PLAN-0369,20261202,L2,P-L2-05,50000,SO-0009
PLAN-0370,20261202,L3,P-L3-01,50000,SO-0010
PLAN-0371,20261202,L4,P-L4-02,47000,SO-0011
PLAN-0372,20261202,L5,P-L5-03,28000,SO-0012
PLAN-0373,20261202,L6,P-L6-04,26000,SO-0013
PLAN-0374,20261203,L1,P-L1-05,52400,SO-0014
PLAN-0375,20261203,L2,P-L2-01,50400,SO-0015
PLAN-0376,20261203,L3,P-L3-02,50400,SO-0016
PLAN-0377,20261203,L4,P-L4-03,47400,SO-0017
PLAN-0378,20261203,L5,P-L5-04,28180,SO-0018
PLAN-0379,20261203,L6,P-L6-05,26180,SO-0019
PLAN-0380,20261204,L1,P-L1-01,52800,SO-0020
PLAN-0381,20261204,L2,P-L2-02,50800,SO-0021
PLAN-0382,20261204,L3,P-L3-03,50800,SO-0022
PLAN-0383,20261204,L4,P-L4-04,47800,SO-0023
PLAN-0384,20261204,L5,P-L5-05,28360,SO-0024
PLAN-0385,20261204,L6,P-L6-01,26360,SO-0025
PLAN-0386,20261205,L1,P-L1-02,51200,SO-0026
PLAN-0387,20261205,L2,P-L2-03,49200,SO-0027
PLAN-0388,20261205,L3,P-L3-04,49200,SO-0028
PLAN-0389,20261205,L4,P-L4-05,46200,SO-0029
PLAN-0390,20261205,L5,P-L5-01,27640,SO-0030
PLAN-0391,20261205,L6,P-L6-02,25640,SO-0031
PLAN-0392,20261206,L1,P-L1-03,51600,SO-0032
PLAN-0393,20261206,L2,P-L2-04,49600,SO-0033
PLAN-0394,20261206,L3,P-L3-05,49600,SO-0034
PLAN-0395,20261206,L4,P-L4-01,46600,SO-0035
PLAN-0396,20261206,L5,P-L5-02,27820,SO-0036
PLAN-0397,20261206,L6,P-L6-03,25820,SO-0037
PLAN-0398,20261207,L1,P-L1-04,52000,SO-0038
PLAN-0399,20261207,L2,P-L2-05,50000,SO-0039
PLAN-0400,20261207,L3,P-L3-01,50000,SO-0040
PLAN-0401,20261207,L4,P-L4-02,47000,SO-0041
PLAN-0402,20261207,L5,P-L5-03,28000,SO-0042
PLAN-0403,20261207,L6,P-L6-04,26000,SO-0043
PLAN-0404,20261208,L1,P-L1-05,52400,SO-0044
PLAN-0405,20261208,L2,P-L2-01,50400,SO-0045
PLAN-0406,20261208,L3,P-L3-02,50400,SO-0046
PLAN-0407,20261208,L4,P-L4-03,47400,SO-0047
PLAN-0408,20261208,L5,P-L5-04,28180,SO-0048
PLAN-0409,20261208,L6,P-L6-05,26180,SO-0049
PLAN-0410,20261209,L1,P-L1-01,52800,SO-0050
PLAN-0411,20261209,L2,P-L2-02,50800,SO-0051
PLAN-0412,20261209,L3,P-L3-03,50800,SO-0052
PLAN-0413,20261209,L4,P-L4-04,47800,SO-0053
PLAN-0414,20261209,L5,P-L5-05,28360,SO-0054
PLAN-0415,20261209,L6,P-L6-01,26360,SO-0055
PLAN-0416,20261210,L1,P-L1-02,51200,SO-0056
PLAN-0417,20261210,L2,P-L2-03,49200,SO-0057
PLAN-0418,20261210,L3,P-L3-04,49200,SO-0058
PLAN-0419,20261210,L4,P-L4-05,46200,SO-0059
PLAN-0420,20261210,L5,P-L5-01,27640,SO-0060
PLAN-0421,20261210,L6,P-L6-02,25640,SO-0061
PLAN-0422,20261211,L1,P-L1-03,51600,SO-0062
PLAN-0423,20261211,L2,P-L2-04,49600,SO-0063
PLAN-0424,20261211,L3,P-L3-05,49600,SO-0064
PLAN-0425,20261211,L4,P-L4-01,46600,SO-0065
PLAN-0426,20261211,L5,P-L5-02,27820,SO-0066
PLAN-0427,20261211,L6,P-L6-03,25820,SO-0067
PLAN-0428,20261212,L1,P-L1-04,52000,SO-0068
PLAN-0429,20261212,L2,P-L2-05,50000,SO-0069
PLAN-0430,20261212,L3,P-L3-01,50000,SO-0070
PLAN-0431,20261212,L4,P-L4-02,47000,SO-0071
PLAN-0432,20261212,L5,P-L5-03,28000,SO-0072
PLAN-0433,20261212,L6,P-L6-04,26000,SO-0073
PLAN-0434,20261213,L1,P-L1-05,52400,SO-0074
PLAN-0435,20261213,L2,P-L2-01,50400,SO-0075
PLAN-0436,20261213,L3,P-L3-02,50400,SO-0076
PLAN-0437,20261213,L4,P-L4-03,47400,SO-0077
PLAN-0438,20261213,L5,P-L5-04,28180,SO-0078
PLAN-0439,20261213,L6,P-L6-05,26180,SO-0079
PLAN-0440,20261214,L1,P-L1-01,52800,SO-0080
PLAN-0441,20261214,L2,P-L2-02,50800,SO-0081
PLAN-0442,20261214,L3,P-L3-03,50800,SO-0082
PLAN-0443,20261214,L4,P-L4-04,47800,SO-0083
PLAN-0444,20261214,L5,P-L5-05,28360,SO-0084
PLAN-0445,20261214,L6,P-L6-01,26360,SO-0085
PLAN-0446,20261215,L1,P-L1-02,51200,SO-0086
PLAN-0447,20261215,L2,P-L2-03,49200,SO-0087
PLAN-0448,20261215,L3,P-L3-04,49200,SO-0088
PLAN-0449,20261215,L4,P-L4-05,46200,SO-0089
PLAN-0450,20261215,L5,P-L5-01,27640,SO-0090
PLAN-0451,20261215,L6,P-L6-02,25640,SO-0091
PLAN-0452,20261216,L1,P-L1-03,51600,SO-0092
PLAN-0453,20261216,L2,P-L2-04,49600,SO-0093
PLAN-0454,20261216,L3,P-L3-05,49600,SO-0094
PLAN-0455,20261216,L4,P-L4-01,46600,SO-0095
PLAN-0456,20261216,L5,P-L5-02,27820,SO-0096
PLAN-0457,20261216,L6,P-L6-03,25820,SO-0097
PLAN-0458,20261217,L1,P-L1-04,52000,SO-0098
PLAN-0459,20261217,L2,P-L2-05,50000,SO-0099
PLAN-0460,20261217,L3,P-L3-01,50000,SO-0100
PLAN-0461,20261217,L4,P-L4-02,47000,SO-0101
PLAN-0462,20261217,L5,P-L5-03,28000,SO-0102
PLAN-0463,20261217,L6,P-L6-04,26000,SO-0103
PLAN-0464,20261218,L1,P-L1-05,52400,SO-0104
PLAN-0465,20261218,L2,P-L2-01,50400,SO-0105
PLAN-0466,20261218,L3,P-L3-02,50400,SO-0106
PLAN-0467,20261218,L4,P-L4-03,47400,SO-0107
PLAN-0468,20261218,L5,P-L5-04,28180,SO-0108
PLAN-0469,20261218,L6,P-L6-05,26180,SO-0109
PLAN-0470,20261219,L1,P-L1-01,52800,SO-0110
PLAN-0471,20261219,L2,P-L2-02,50800,SO-0111
PLAN-0472,20261219,L3,P-L3-03,50800,SO-0112
PLAN-0473,20261219,L4,P-L4-04,47800,SO-0113
PLAN-0474,20261219,L5,P-L5-05,28360,SO-0114
PLAN-0475,20261219,L6,P-L6-01,26360,SO-0115
PLAN-0476,20261220,L1,P-L1-02,51200,SO-0116
PLAN-0477,20261220,L2,P-L2-03,49200,SO-0117
PLAN-0478,20261220,L3,P-L3-04,49200,SO-0118
PLAN-0479,20261220,L4,P-L4-05,46200,SO-0119
PLAN-0480,20261220,L5,P-L5-01,27640,SO-0120
PLAN-0481,20261220,L6,P-L6-02,25640,SO-0121
PLAN-0482,20261221,L1,P-L1-03,51600,SO-0122
PLAN-0483,20261221,L2,P-L2-04,49600,SO-0123
PLAN-0484,20261221,L3,P-L3-05,49600,SO-0124
PLAN-0485,20261221,L4,P-L4-01,46600,SO-0125
PLAN-0486,20261221,L5,P-L5-02,27820,SO-0126
PLAN-0487,20261221,L6,P-L6-03,25820,SO-0127
PLAN-0488,20261222,L1,P-L1-04,52000,SO-0128
PLAN-0489,20261222,L2,P-L2-05,50000,SO-0129
PLAN-0490,20261222,L3,P-L3-01,50000,SO-0130
PLAN-0491,20261222,L4,P-L4-02,47000,SO-0131
PLAN-0492,20261222,L5,P-L5-03,28000,SO-0132
PLAN-0493,20261222,L6,P-L6-04,26000,SO-0133
PLAN-0494,20261223,L1,P-L1-05,52400,SO-0134
PLAN-0495,20261223,L2,P-L2-01,50400,SO-0135
PLAN-0496,20261223,L3,P-L3-02,50400,SO-0136
PLAN-0497,20261223,L4,P-L4-03,47400,SO-0137
PLAN-0498,20261223,L5,P-L5-04,28180,SO-0138
PLAN-0499,20261223,L6,P-L6-05,26180,SO-0139
PLAN-0500,20261224,L1,P-L1-01,52800,SO-0140
PLAN-0501,20261224,L2,P-L2-02,50800,SO-0141
PLAN-0502,20261224,L3,P-L3-03,50800,SO-0142
PLAN-0503,20261224,L4,P-L4-04,47800,SO-0143
PLAN-0504,20261224,L5,P-L5-05,28360,SO-0144
PLAN-0505,20261224,L6,P-L6-01,26360,SO-0145
PLAN-0506,20261225,L1,P-L1-02,51200,SO-0146
PLAN-0507,20261225,L2,P-L2-03,49200,SO-0147
PLAN-0508,20261225,L3,P-L3-04,49200,SO-0148
PLAN-0509,20261225,L4,P-L4-05,46200,SO-0149
PLAN-0510,20261225,L5,P-L5-01,27640,SO-0150
PLAN-0511,20261225,L6,P-L6-02,25640,SO-0151
PLAN-0512,20261226,L1,P-L1-03,51600,SO-0152
PLAN-0513,20261226,L2,P-L2-04,49600,SO-0153
PLAN-0514,20261226,L3,P-L3-05,49600,SO-0154
PLAN-0515,20261226,L4,P-L4-01,46600,SO-0155
PLAN-0516,20261226,L5,P-L5-02,27820,SO-0156
PLAN-0517,20261226,L6,P-L6-03,25820,SO-0157
PLAN-0518,20261227,L1,P-L1-04,52000,SO-0158
PLAN-0519,20261227,L2,P-L2-05,50000,SO-0159
PLAN-0520,20261227,L3,P-L3-01,50000,SO-0160
PLAN-0521,20261227,L4,P-L4-02,47000,SO-0161
PLAN-0522,20261227,L5,P-L5-03,28000,SO-0162
PLAN-0523,20261227,L6,P-L6-04,26000,SO-0163
PLAN-0524,20261228,L1,P-L1-05,52400,SO-0164
PLAN-0525,20261228,L2,P-L2-01,50400,SO-0165
PLAN-0526,20261228,L3,P-L3-02,50400,SO-0166
PLAN-0527,20261228,L4,P-L4-03,47400,SO-0167
PLAN-0528,20261228,L5,P-L5-04,28180,SO-0168
PLAN-0529,20261228,L6,P-L6-05,26180,SO-0169
PLAN-0530,20261229,L1,P-L1-01,52800,SO-0170
PLAN-0531,20261229,L2,P-L2-02,50800,SO-0171
PLAN-0532,20261229,L3,P-L3-03,50800,SO-0172
PLAN-0533,20261229,L4,P-L4-04,47800,SO-0173
PLAN-0534,20261229,L5,P-L5-05,28360,SO-0174
PLAN-0535,20261229,L6,P-L6-01,26360,SO-0175
PLAN-0536,20261230,L1,P-L1-02,51200,SO-0176
PLAN-0537,20261230,L2,P-L2-03,49200,SO-0177
PLAN-0538,20261230,L3,P-L3-04,49200,SO-0178
PLAN-0539,20261230,L4,P-L4-05,46200,SO-0179
PLAN-0540,20261230,L5,P-L5-01,27640,SO-0180
PLAN-0541,20261230,L6,P-L6-02,25640,SO-0181
PLAN-0542,20261231,L1,P-L1-03,51600,SO-0182
PLAN-0543,20261231,L2,P-L2-04,49600,SO-0183
PLAN-0544,20261231,L3,P-L3-05,49600,SO-0184
PLAN-0545,20261231,L4,P-L4-01,46600,SO-0185
PLAN-0546,20261231,L5,P-L5-02,27820,SO-0186
PLAN-0547,20261231,L6,P-L6-03,25820,SO-0187
