product_id,line_id,material_id,std_kg_per_kg
P-L1-01,L1,PET-BR,0.965
P-L1-01,L1,PET-SD,0.040
P-L1-01,L1,MB-AB,0.015
P-L1-01,L1,MB-SL,0.010
P-L1-02,L1,PET-BR,0.965
P-L1-02,L1,PET-SD,0.030
P-L1-02,L1,MB-AB,0.020
P-L1-02,L1,MB-SL,0.010
P-L1-03,L1,PET-BR,0.955
P-L1-03,L1,PET-SD,0.050
P-L1-03,L1,MB-AB,0.015
P-L1-03,L1,MB-SL,0.010
P-L1-04,L1,PET-BR,0.965
P-L1-04,L1,PET-SD,0.030
P-L1-04,L1,MB-AB,0.020
P-L1-04,L1,MB-SL,0.015
P-L1-05,L1,PET-BR,0.955
P-L1-05,L1,PET-SD,0.050
P-L1-05,L1,MB-AB,0.015
P-L1-05,L1,MB-SL,0.010
P-L2-01,L2,PET-BR,0.840
P-L2-01,L2,PET-RC,0.165
P-L2-01,L2,MB-AB,0.015
P-L2-01,L2,MB-WH,0.010
P-L2-02,L2,PET-BR,0.800
P-L2-02,L2,PET-RC,0.205
P-L2-02,L2,MB-AB,0.015
P-L2-02,L2,MB-WH,0.010
P-L2-03,L2,PET-BR,0.780
P-L2-03,L2,PET-RC,0.225
P-L2-03,L2,MB-AB,0.015
P-L2-03,L2,MB-WH,0.010
P-L2-04,L2,PET-BR,0.865
P-L2-04,L2,PET-RC,0.135
P-L2-04,L2,MB-AB,0.020
P-L2-04,L2,MB-WH,0.010
P-L2-05,L2,PET-BR,0.820
P-L2-05,L2,PET-RC,0.180
P-L2-05,L2,MB-AB,0.015
P-L2-05,L2,MB-WH,0.015
P-L3-01,L3,PET-BR,0.875
P-L3-01,L3,PET-SD,0.120
P-L3-01,L3,MB-SL,0.020
P-L3-01,L3,MB-UV,0.010
P-L3-02,L3,PET-BR,0.895
P-L3-02,L3,PET-SD,0.100
P-L3-02,L3,MB-SL,0.020
P-L3-02,L3,MB-UV,0.010
P-L3-03,L3,PET-BR,0.845
P-L3-03,L3,PET-SD,0.150
P-L3-03,L3,MB-SL,0.020
P-L3-03,L3,MB-UV,0.010
P-L3-04,L3,PET-BR,0.900
P-L3-04,L3,PET-SD,0.095
P-L3-04,L3,MB-SL,0.020
P-L3-04,L3,MB-UV,0.015
P-L3-05,L3,PET-BR,0.420
P-L3-05,L3,PET-SD,0.600
P-L4-01,L4,PET-BR,0.830
P-L4-01,L4,PET-CO,0.175
P-L4-01,L4,MB-WH,0.015
P-L4-01,L4,MB-UV,0.010
P-L4-02,L4,PET-BR,0.800
P-L4-02,L4,PET-CO,0.200
P-L4-02,L4,MB-WH,0.020
P-L4-02,L4,MB-UV,0.010
P-L4-03,L4,PET-BR,0.855
P-L4-03,L4,PET-CO,0.145
P-L4-03,L4,MB-WH,0.020
P-L4-03,L4,MB-UV,0.010
P-L4-04,L4,PET-BR,0.820
P-L4-04,L4,PET-CO,0.180
P-L4-04,L4,MB-WH,0.015
P-L4-04,L4,MB-UV,0.015
P-L4-05,L4,PET-BR,0.780
P-L4-05,L4,PET-CO,0.220
P-L4-05,L4,MB-WH,0.020
P-L4-05,L4,MB-UV,0.010
P-L5-01,L5,NY6-F,0.820
P-L5-01,L5,NY6-H,0.185
P-L5-01,L5,MB-NA,0.015
P-L5-01,L5,MB-NS,0.010
P-L5-02,L5,NY6-F,0.785
P-L5-02,L5,NY6-H,0.220
P-L5-02,L5,MB-NA,0.015
P-L5-02,L5,MB-NS,0.010
P-L5-03,L5,NY6-F,0.850
P-L5-03,L5,NY6-H,0.150
P-L5-03,L5,MB-NA,0.020
P-L5-03,L5,MB-NS,0.010
P-L5-04,L5,NY6-F,0.810
P-L5-04,L5,NY6-H,0.190
P-L5-04,L5,MB-NA,0.015
P-L5-04,L5,MB-NS,0.015
P-L5-05,L5,NY6-F,0.790
P-L5-05,L5,NY6-H,0.210
P-L5-05,L5,MB-NA,0.020
P-L5-05,L5,MB-NS,0.010
P-L6-01,L6,NY6-F,0.830
P-L6-01,L6,NY6-H,0.175
P-L6-01,L6,MB-NA,0.015
P-L6-01,L6,MB-NS,0.010
P-L6-02,L6,NY6-F,0.800
P-L6-02,L6,NY6-H,0.205
P-L6-02,L6,MB-NA,0.015
P-L6-02,L6,MB-NS,0.010
P-L6-03,L6,NY6-F,0.855
P-L6-03,L6,NY6-H,0.145
P-L6-03,L6,MB-NA,0.020
P-L6-03,L6,MB-NS,0.010
P-L6-04,L6,NY6-F,0.815
P-L6-04,L6,NY6-H,0.185
P-L6-04,L6,MB-NA,0.015
P-L6-04,L6,MB-NS,0.015
P-L6-05,L6,NY6-F,0.790
P-L6-05,L6,NY6-H,0.210
P-L6-05,L6,MB-NA,0.020
P-L6-05,L6,MB-NS,0.010
