product_id,line_id,product_name,film_family,default_daily_output_kg
P-L1-01,L1,BOPET Film Grade L1-1,BOPET,52000
P-L1-02,L1,BOPET Film Grade L1-2,BOPET,52000
P-L1-03,L1,BOPET Film Grade L1-3,BOPET,52000
P-L1-04,L1,BOPET Film Grade L1-4,BOPET,52000
P-L1-05,L1,BOPET Film Grade L1-5,BOPET,52000
P-L2-01,L2,BOPET Film Grade L2-1,BOPET,50000
P-L2-02,L2,BOPET Film Grade L2-2,BOPET,50000
P-L2-03,L2,BOPET Film Grade L2-3,BOPET,50000
P-L2-04,L2,BOPET Film Grade L2-4,BOPET,50000
P-L2-05,L2,BOPET Film Grade L2-5,BOPET,50000
P-L3-01,L3,BOPET Film Grade L3-1,BOPET,50000
P-L3-02,L3,BOPET Film Grade L3-2,BOPET,50000
P-L3-03,L3,BOPET Film Grade L3-3,BOPET,50000
P-L3-04,L3,BOPET Film Grade L3-4,BOPET,50000
P-L3-05,L3,BOPET Film Grade L3-5,BOPET,50000
P-L4-01,L4,BOPET Film Grade L4-1,BOPET,47000
P-L4-02,L4,BOPET Film Grade L4-2,BOPET,47000
P-L4-03,L4,BOPET Film Grade L4-3,BOPET,47000
P-L4-04,L4,BOPET Film Grade L4-4,BOPET,47000
P-L4-05,L4,BOPET Film Grade L4-5,BOPET,47000
P-L5-01,L5,BOPA Film Grade L5-1,BOPA,28000
P-L5-02,L5,BOPA Film Grade L5-2,BOPA,28000
P-L5-03,L5,BOPA Film Grade L5-3,BOPA,28000
P-L5-04,L5,BOPA Film Grade L5-4,BOPA,28000
P-L5-05,L5,BOPA Film Grade L5-5,BOPA,28000
P-L6-01,L6,BOPA Film Grade L6-1,BOPA,26000
P-L6-02,L6,BOPA Film Grade L6-2,BOPA,26000
P-L6-03,L6,BOPA Film Grade L6-3,BOPA,26000
P-L6-04,L6,BOPA Film Grade L6-4,BOPA,26000
P-L6-05,L6,BOPA Film Grade L6-5,BOPA,26000
