sales_order_id,customer_segment,product_id,order_qty_kg,due_date,priority
SO-0001,SEG-1,P-L1-01,18000,20261231,normal
SO-0002,SEG-2,P-L1-02,20000,20261231,normal
SO-0003,SEG-3,P-L1-03,22000,20261231,normal
SO-0004,SEG-4,P-L1-04,24000,20261231,normal
SO-0005,SEG-5,P-L1-05,26000,20261231,normal
SO-0006,SEG-6,P-L2-01,28000,20261231,normal
SO-0007,SEG-7,P-L2-02,30000,20261231,normal
SO-0008,SEG-8,P-L2-03,32000,20261231,normal
SO-0009,SEG-9,P-L2-04,34000,20261231,normal
SO-0010,SEG-1,P-L2-05,36000,20261231,normal
SO-0011,SEG-2,P-L3-01,38000,20261231,normal
SO-0012,SEG-3,P-L3-02,18000,20261231,normal
SO-0013,SEG-4,P-L3-03,20000,20261231,normal
SO-0014,SEG-5,P-L3-04,22000,20261231,normal
SO-0015,SEG-6,P-L3-05,24000,20261231,normal
SO-0016,SEG-7,P-L4-01,26000,20261231,normal
SO-0017,SEG-8,P-L4-02,28000,20261231,normal
SO-0018,SEG-9,P-L4-03,30000,20261231,normal
SO-0019,SEG-1,P-L4-04,32000,20261231,normal
SO-0020,SEG-2,P-L4-05,34000,20261231,normal
SO-0021,SEG-3,P-L5-01,36000,20261231,normal
SO-0022,SEG-4,P-L5-02,38000,20261231,normal
SO-0023,SEG-5,P-L5-03,18000,20261231,normal
SO-0024,SEG-6,P-L5-04,20000,20261231,normal
SO-0025,SEG-7,P-L5-05,22000,20261231,normal
SO-0026,SEG-8,P-L6-01,24000,20261231,normal
SO-0027,SEG-9,P-L6-02,26000,20261231,normal
SO-0028,SEG-1,P-L6-03,28000,20261231,normal
SO-0029,SEG-2,P-L6-04,30000,20261231,normal
SO-0030,SEG-3,P-L6-05,32000,20261231,normal
SO-0031,SEG-4,P-L1-01,34000,20261231,normal
SO-0032,SEG-5,P-L1-02,36000,20261231,normal
SO-0033,SEG-6,P-L1-03,38000,20261231,normal
SO-0034,SEG-7,P-L1-04,18000,20261231,normal
SO-0035,SEG-8,P-L1-05,20000,20261231,normal
SO-0036,SEG-9,P-L2-01,22000,20261231,normal
SO-0037,SEG-1,P-L2-02,24000,20261231,normal
SO-0038,SEG-2,P-L2-03,26000,20261231,normal
SO-0039,SEG-3,P-L2-04,28000,20261231,normal
SO-0040,SEG-4,P-L2-05,30000,20261231,normal
SO-0041,SEG-5,P-L3-01,32000,20261231,normal
SO-0042,SEG-6,P-L3-02,34000,20261231,normal
SO-0043,SEG-7,P-L3-03,36000,20261231,normal
SO-0044,SEG-8,P-L3-04,38000,20261231,normal
SO-0045,SEG-9,P-L3-05,18000,20261231,normal
SO-0046,SEG-1,P-L4-01,20000,20261231,normal
SO-0047,SEG-2,P-L4-02,22000,20261231,normal
SO-0048,SEG-3,P-L4-03,24000,20261231,normal
SO-0049,SEG-4,P-L4-04,26000,20261231,normal
SO-0050,SEG-5,P-L4-05,28000,20261231,normal
SO-0051,SEG-6,P-L5-01,30000,20261231,normal
SO-0052,SEG-7,P-L5-02,32000,20261231,normal
SO-0053,SEG-8,P-L5-03,34000,20261231,normal
SO-0054,SEG-9,P-L5-04,36000,20261231,normal
SO-0055,SEG-1,P-L5-05,38000,20261231,normal
SO-0056,SEG-2,P-L6-01,18000,20261231,normal
SO-0057,SEG-3,P-L6-02,20000,20261231,normal
SO-0058,SEG-4,P-L6-03,22000,20261231,normal
SO-0059,SEG-5,P-L6-04,24000,20261231,normal
SO-0060,SEG-6,P-L6-05,26000,20261231,normal
SO-0061,SEG-7,P-L1-01,28000,20261231,normal
SO-0062,SEG-8,P-L1-02,30000,20261231,normal
SO-0063,SEG-9,P-L1-03,32000,20261231,normal
SO-0064,SEG-1,P-L1-04,34000,20261231,normal
SO-0065,SEG-2,P-L1-05,36000,20261231,normal
SO-0066,SEG-3,P-L2-01,38000,20261231,normal
SO-0067,SEG-4,P-L2-02,18000,20261231,normal
SO-0068,SEG-5,P-L2-03,20000,20261231,normal
SO-0069,SEG-6,P-L2-04,22000,20261231,normal
SO-0070,SEG-7,P-L2-05,24000,20261231,normal
SO-0071,SEG-8,P-L3-01,26000,20261231,normal
SO-0072,SEG-9,P-L3-02,28000,20261231,normal
SO-0073,SEG-1,P-L3-03,30000,20261231,normal
SO-0074,SEG-2,P-L3-04,32000,20261231,normal
SO-0075,SEG-3,P-L3-05,34000,20261231,normal
SO-0076,SEG-4,P-L4-01,36000,20261231,normal
SO-0077,SEG-5,P-L4-02,38000,20261231,normal
SO-0078,SEG-6,P-L4-03,18000,20261231,normal
SO-0079,SEG-7,P-L4-04,20000,20261231,normal
SO-0080,SEG-8,P-L4-05,22000,20261231,normal
SO-0081,SEG-9,P-L5-01,24000,20261231,normal
SO-0082,SEG-1,P-L5-02,26000,20261231,normal
SO-0083,SEG-2,P-L5-03,28000,20261231,normal
SO-0084,SEG-3,P-L5-04,30000,20261231,normal
SO-0085,SEG-4,P-L5-05,32000,20261231,normal
SO-0086,SEG-5,P-L6-01,34000,20261231,normal
SO-0087,SEG-6,P-L6-02,36000,20261231,normal
SO-0088,SEG-7,P-L6-03,38000,20261231,normal
SO-0089,SEG-8,P-L6-04,18000,20261231,normal
SO-0090,SEG-9,P-L6-05,20000,20261231,normal
SO-0091,SEG-1,P-L1-01,22000,20261231,normal
SO-0092,SEG-2,P-L1-02,24000,20261231,normal
SO-0093,SEG-3,P-L1-03,26000,20261231,normal
SO-0094,SEG-4,P-L1-04,28000,20261231,normal
SO-0095,SEG-5,P-L1-05,30000,20261231,normal
SO-0096,SEG-6,P-L2-01,32000,20261231,normal
SO-0097,SEG-7,P-L2-02,34000,20261231,normal
SO-0098,SEG-8,P-L2-03,36000,20261231,normal
SO-0099,SEG-9,P-L2-04,38000,20261231,normal
SO-0100,SEG-1,P-L2-05,18000,20261231,normal
SO-0101,SEG-2,P-L3-01,20000,20261231,normal
SO-0102,SEG-3,P-L3-02,22000,20261231,normal
SO-0103,SEG-4,P-L3-03,24000,20261231,normal
SO-0104,SEG-5,P-L3-04,26000,20261231,normal
SO-0105,SEG-6,P-L3-05,28000,20261231,normal
SO-0106,SEG-7,P-L4-01,30000,20261231,normal
SO-0107,SEG-8,P-L4-02,32000,20261231,normal
SO-0108,SEG-9,P-L4-03,34000,20261231,normal
SO-0109,SEG-1,P-L4-04,36000,20261231,normal
SO-0110,SEG-2,P-L4-05,38000,20261231,normal
SO-0111,SEG-3,P-L5-01,18000,20261231,normal
SO-0112,SEG-4,P-L5-02,20000,20261231,normal
SO-0113,SEG-5,P-L5-03,22000,20261231,normal
SO-0114,SEG-6,P-L5-04,24000,20261231,normal
SO-0115,SEG-7,P-L5-05,26000,20261231,normal
SO-0116,SEG-8,P-L6-01,28000,20261231,normal
SO-0117,SEG-9,P-L6-02,30000,20261231,normal
SO-0118,SEG-1,P-L6-03,32000,20261231,normal
SO-0119,SEG-2,P-L6-04,34000,20261231,normal
SO-0120,SEG-3,P-L6-05,36000,20261231,normal
SO-0121,SEG-4,P-L1-01,38000,20261231,normal
SO-0122,SEG-5,P-L1-02,18000,20261231,normal
SO-0123,SEG-6,P-L1-03,20000,20261231,normal
SO-0124,SEG-7,P-L1-04,22000,20261231,normal
SO-0125,SEG-8,P-L1-05,24000,20261231,normal
SO-0126,SEG-9,P-L2-01,26000,20261231,normal
SO-0127,SEG-1,P-L2-02,28000,20261231,normal
SO-0128,SEG-2,P-L2-03,30000,20261231,normal
SO-0129,SEG-3,P-L2-04,32000,20261231,normal
SO-0130,SEG-4,P-L2-05,34000,20261231,normal
SO-0131,SEG-5,P-L3-01,36000,20261231,normal
SO-0132,SEG-6,P-L3-02,38000,20261231,normal
SO-0133,SEG-7,P-L3-03,18000,20261231,normal
SO-0134,SEG-8,P-L3-04,20000,20261231,normal
SO-0135,SEG-9,P-L3-05,22000,20261231,normal
SO-0136,SEG-1,P-L4-01,24000,20261231,normal
SO-0137,SEG-2,P-L4-02,26000,20261231,normal
SO-0138,SEG-3,P-L4-03,28000,20261231,normal
SO-0139,SEG-4,P-L4-04,30000,20261231,normal
SO-0140,SEG-5,P-L4-05,32000,20261231,normal
SO-0141,SEG-6,P-L5-01,34000,20261231,normal
SO-0142,SEG-7,P-L5-02,36000,20261231,normal
SO-0143,SEG-8,P-L5-03,38000,20261231,normal
SO-0144,SEG-9,P-L5-04,18000,20261231,normal
SO-0145,SEG-1,P-L5-05,20000,20261231,normal
SO-0146,SEG-2,P-L6-01,22000,20261231,normal
SO-0147,SEG-3,P-L6-02,24000,20261231,normal
SO-0148,SEG-4,P-L6-03,26000,20261231,normal
SO-0149,SEG-5,P-L6-04,28000,20261231,normal
SO-0150,SEG-6,P-L6-05,30000,20261231,normal
SO-0151,SEG-7,P-L1-01,32000,20261231,normal
SO-0152,SEG-8,P-L1-02,34000,20261231,normal
SO-0153,SEG-9,P-L1-03,36000,20261231,normal
SO-0154,SEG-1,P-L1-04,38000,20261231,normal
SO-0155,SEG-2,P-L1-05,18000,20261231,normal
SO-0156,SEG-3,P-L2-01,20000,20261231,normal
SO-0157,SEG-4,P-L2-02,22000,20261231,normal
SO-0158,SEG-5,P-L2-03,24000,20261231,normal
SO-0159,SEG-6,P-L2-04,26000,20261231,normal
SO-0160,SEG-7,P-L2-05,28000,20261231,normal
SO-0161,SEG-8,P-L3-01,30000,20261231,normal
SO-0162,SEG-9,P-L3-02,32000,20261231,normal
SO-0163,SEG-1,P-L3-03,34000,20261231,normal
SO-0164,SEG-2,P-L3-04,36000,20261231,normal
SO-0165,SEG-3,P-L3-05,38000,20261231,normal
SO-0166,SEG-4,P-L4-01,18000,20261231,normal
SO-0167,SEG-5,P-L4-02,20000,20261231,normal
SO-0168,SEG-6,P-L4-03,22000,20261231,normal
SO-0169,SEG-7,P-L4-04,24000,20261231,normal
SO-0170,SEG-8,P-L4-05,26000,20261231,normal
SO-0171,SEG-9,P-L5-01,28000,20261231,normal
SO-0172,SEG-1,P-L5-02,30000,20261231,normal
SO-0173,SEG-2,P-L5-03,32000,20261231,normal
SO-0174,SEG-3,P-L5-04,34000,20261231,normal
SO-0175,SEG-4,P-L5-05,36000,20261231,normal
SO-0176,SEG-5,P-L6-01,38000,20261231,normal
SO-0177,SEG-6,P-L6-02,18000,20261231,normal
SO-0178,SEG-7,P-L6-03,20000,20261231,normal
SO-0179,SEG-8,P-L6-04,22000,20261231,normal
SO-0180,SEG-9,P-L6-05,24000,20261231,normal
SO-0181,SEG-1,P-L1-01,26000,20261231,normal
SO-0182,SEG-2,P-L1-02,28000,20261231,normal
SO-0183,SEG-3,P-L1-03,30000,20261231,normal
SO-0184,SEG-4,P-L1-04,32000,20261231,normal
SO-0185,SEG-5,P-L1-05,34000,20261231,normal
SO-0186,SEG-6,P-L2-01,36000,20261231,normal
SO-0187,SEG-7,P-L2-02,38000,20261231,normal
SO-0188,SEG-8,P-L2-03,18000,20261231,normal
SO-0189,SEG-9,P-L2-04,20000,20261231,normal
SO-0190,SEG-1,P-L2-05,22000,20261231,normal
SO-0191,SEG-2,P-L3-01,24000,20261231,normal
SO-0192,SEG-3,P-L3-02,26000,20261231,normal
SO-0193,SEG-4,P-L3-03,28000,20261231,normal
SO-0194,SEG-5,P-L3-04,30000,20261231,normal
SO-0195,SEG-6,P-L3-05,32000,20261231,normal
SO-0196,SEG-7,P-L4-01,34000,20261231,normal
SO-0197,SEG-8,P-L4-02,36000,20261231,normal
SO-0198,SEG-9,P-L4-03,38000,20261231,normal
SO-0199,SEG-1,P-L4-04,18000,20261231,normal
SO-0200,SEG-2,P-L4-05,20000,20261231,normal
SO-0201,SEG-3,P-L5-01,22000,20261231,normal
SO-0202,SEG-4,P-L5-02,24000,20261231,normal
SO-0203,SEG-5,P-L5-03,26000,20261231,normal
SO-0204,SEG-6,P-L5-04,28000,20261231,normal
SO-0205,SEG-7,P-L5-05,30000,20261231,normal
SO-0206,SEG-8,P-L6-01,32000,20261231,normal
SO-0207,SEG-9,P-L6-02,34000,20261231,normal
SO-0208,SEG-1,P-L6-03,36000,20261231,normal
SO-0209,SEG-2,P-L6-04,38000,20261231,normal
SO-0210,SEG-3,P-L6-05,18000,20261231,normal
SO-0211,SEG-4,P-L1-01,20000,20261231,normal
SO-0212,SEG-5,P-L1-02,22000,20261231,normal
SO-0213,SEG-6,P-L1-03,24000,20261231,normal
SO-0214,SEG-7,P-L1-04,26000,20261231,normal
SO-0215,SEG-8,P-L1-05,28000,20261231,normal
SO-0216,SEG-9,P-L2-01,30000,20261231,normal
SO-0217,SEG-1,P-L2-02,32000,20261231,normal
SO-0218,SEG-2,P-L2-03,34000,20261231,normal
SO-0219,SEG-3,P-L2-04,36000,20261231,normal
SO-0220,SEG-4,P-L2-05,38000,20261231,normal
SO-0221,SEG-5,P-L3-01,18000,20261231,normal
SO-0222,SEG-6,P-L3-02,20000,20261231,normal
SO-0223,SEG-7,P-L3-03,22000,20261231,normal
SO-0224,SEG-8,P-L3-04,24000,20261231,normal
SO-0225,SEG-9,P-L3-05,26000,20261231,normal
SO-0226,SEG-1,P-L4-01,28000,20261231,normal
SO-0227,SEG-2,P-L4-02,30000,20261231,normal
SO-0228,SEG-3,P-L4-03,32000,20261231,normal
SO-0229,SEG-4,P-L4-04,34000,20261231,normal
SO-0230,SEG-5,P-L4-05,36000,20261231,normal
SO-0231,SEG-6,P-L5-01,38000,20261231,normal
SO-0232,SEG-7,P-L5-02,18000,20261231,normal
SO-0233,SEG-8,P-L5-03,20000,20261231,normal
SO-0234,SEG-9,P-L5-04,22000,20261231,normal
SO-0235,SEG-1,P-L5-05,24000,20261231,normal
SO-0236,SEG-2,P-L6-01,26000,20261231,normal
SO-0237,SEG-3,P-L6-02,28000,20261231,normal
SO-0238,SEG-4,P-L6-03,30000,20261231,normal
SO-0239,SEG-5,P-L6-04,32000,20261231,normal
SO-0240,SEG-6,P-L6-05,34000,20261231,normal
SO-0241,SEG-7,P-L1-01,36000,20261231,normal
SO-0242,SEG-8,P-L1-02,38000,20261231,normal
SO-0243,SEG-9,P-L1-03,18000,20261231,normal
SO-0244,SEG-1,P-L1-04,20000,20261231,normal
SO-0245,SEG-2,P-L1-05,22000,20261231,normal
SO-0246,SEG-3,P-L2-01,24000,20261231,normal
SO-0247,SEG-4,P-L2-02,26000,20261231,normal
SO-0248,SEG-5,P-L2-03,28000,20261231,normal
SO-0249,SEG-6,P-L2-04,30000,20261231,normal
SO-0250,SEG-7,P-L2-05,32000,20261231,normal
SO-0251,SEG-8,P-L3-01,34000,20261231,normal
SO-0252,SEG-9,P-L3-02,36000,20261231,normal
SO-0253,SEG-1,P-L3-03,38000,20261231,normal
SO-0254,SEG-2,P-L3-04,18000,20261231,normal
SO-0255,SEG-3,P-L3-05,20000,20261231,normal
SO-0256,SEG-4,P-L4-01,22000,20261231,normal
SO-0257,SEG-5,P-L4-02,24000,20261231,normal
SO-0258,SEG-6,P-L4-03,26000,20261231,normal
SO-0259,SEG-7,P-L4-04,28000,20261231,normal
SO-0260,SEG-8,P-L4-05,30000,20261231,normal
SO-0261,SEG-9,P-L5-01,32000,20261231,normal
SO-0262,SEG-1,P-L5-02,34000,20261231,normal
SO-0263,SEG-2,P-L5-03,36000,20261231,normal
SO-0264,SEG-3,P-L5-04,38000,20261231,normal
SO-0265,SEG-4,P-L5-05,18000,20261231,normal
SO-0266,SEG-5,P-L6-01,20000,20261231,normal
SO-0267,SEG-6,P-L6-02,22000,20261231,normal
SO-0268,SEG-7,P-L6-03,24000,20261231,normal
SO-0269,SEG-8,P-L6-04,26000,20261231,normal
SO-0270,SEG-9,P-L6-05,28000,20261231,normal
SO-0271,SEG-1,P-L1-01,30000,20261231,normal
SO-0272,SEG-2,P-L1-02,32000,20261231,normal
SO-0273,SEG-3,P-L1-03,34000,20261231,normal
SO-0274,SEG-4,P-L1-04,36000,20261231,normal
SO-0275,SEG-5,P-L1-05,38000,20261231,normal
SO-0276,SEG-6,P-L2-01,18000,20261231,normal
SO-0277,SEG-7,P-L2-02,20000,20261231,normal
SO-0278,SEG-8,P-L2-03,22000,20261231,normal
SO-0279,SEG-9,P-L2-04,24000,20261231,normal
SO-0280,SEG-1,P-L2-05,26000,20261231,normal
SO-0281,SEG-2,P-L3-01,28000,20261231,normal
SO-0282,SEG-3,P-L3-02,30000,20261231,normal
SO-0283,SEG-4,P-L3-03,32000,20261231,normal
SO-0284,SEG-5,P-L3-04,34000,20261231,normal
SO-0285,SEG-6,P-L3-05,36000,20261231,normal
SO-0286,SEG-7,P-L4-01,38000,20261231,normal
SO-0287,SEG-8,P-L4-02,18000,20261231,normal
SO-0288,SEG-9,P-L4-03,20000,20261231,normal
SO-0289,SEG-1,P-L4-04,22000,20261231,normal
SO-0290,SEG-2,P-L4-05,24000,20261231,normal
SO-0291,SEG-3,P-L5-01,26000,20261231,normal
SO-0292,SEG-4,P-L5-02,28000,20261231,normal
SO-0293,SEG-5,P-L5-03,30000,20261231,normal
SO-0294,SEG-6,P-L5-04,32000,20261231,normal
SO-0295,SEG-7,P-L5-05,34000,20261231,normal
SO-0296,SEG-8,P-L6-01,36000,20261231,normal
SO-0297,SEG-9,P-L6-02,38000,20261231,normal
SO-0298,SEG-1,P-L6-03,18000,20261231,normal
SO-0299,SEG-2,P-L6-04,20000,20261231,normal
SO-0300,SEG-3,P-L6-05,22000,20261231,normal
SO-0301,SEG-4,P-L1-01,24000,20261231,normal
SO-0302,SEG-5,P-L1-02,26000,20261231,normal
SO-0303,SEG-6,P-L1-03,28000,20261231,normal
SO-0304,SEG-7,P-L1-04,30000,20261231,normal
SO-0305,SEG-8,P-L1-05,32000,20261231,normal
SO-0306,SEG-9,P-L2-01,34000,20261231,normal
SO-0307,SEG-1,P-L2-02,36000,20261231,normal
SO-0308,SEG-2,P-L2-03,38000,20261231,normal
SO-0309,SEG-3,P-L2-04,18000,20261231,normal
SO-0310,SEG-4,P-L2-05,20000,20261231,normal
SO-0311,SEG-5,P-L3-01,22000,20261231,normal
SO-0312,SEG-6,P-L3-02,24000,20261231,normal
SO-0313,SEG-7,P-L3-03,26000,20261231,normal
SO-0314,SEG-8,P-L3-04,28000,20261231,normal
SO-0315,SEG-9,P-L3-05,30000,20261231,normal
SO-0316,SEG-1,P-L4-01,32000,20261231,normal
SO-0317,SEG-2,P-L4-02,34000,20261231,normal
SO-0318,SEG-3,P-L4-03,36000,20261231,normal
SO-0319,SEG-4,P-L4-04,38000,20261231,normal
SO-0320,SEG-5,P-L4-05,18000,20261231,normal
SO-0321,SEG-6,P-L5-01,20000,20261231,normal
SO-0322,SEG-7,P-L5-02,22000,20261231,normal
SO-0323,SEG-8,P-L5-03,24000,20261231,normal
SO-0324,SEG-9,P-L5-04,26000,20261231,normal
SO-0325,SEG-1,P-L5-05,28000,20261231,normal
SO-0326,SEG-2,P-L6-01,30000,20261231,normal
SO-0327,SEG-3,P-L6-02,32000,20261231,normal
SO-0328,SEG-4,P-L6-03,34000,20261231,normal
SO-0329,SEG-5,P-L6-04,36000,20261231,normal
SO-0330,SEG-6,P-L6-05,38000,20261231,normal
SO-0331,SEG-7,P-L1-01,18000,20261231,normal
SO-0332,SEG-8,P-L1-02,20000,20261231,normal
SO-0333,SEG-9,P-L1-03,22000,20261231,normal
SO-0334,SEG-1,P-L1-04,24000,20261231,normal
SO-0335,SEG-2,P-L1-05,26000,20261231,normal
SO-0336,SEG-3,P-L2-01,28000,20261231,normal
SO-0337,SEG-4,P-L2-02,30000,20261231,normal
SO-0338,SEG-5,P-L2-03,32000,20261231,normal
SO-0339,SEG-6,P-L2-04,34000,20261231,normal
SO-0340,SEG-7,P-L2-05,36000,20261231,normal
SO-0341,SEG-8,P-L3-01,38000,20261231,normal
SO-0342,SEG-9,P-L3-02,18000,20261231,normal
SO-0343,SEG-1,P-L3-03,20000,20261231,normal
SO-0344,SEG-2,P-L3-04,22000,20261231,normal
SO-0345,SEG-3,P-L3-05,24000,20261231,normal
SO-0346,SEG-4,P-L4-01,26000,20261231,normal
SO-0347,SEG-5,P-L4-02,28000,20261231,normal
SO-0348,SEG-6,P-L4-03,30000,20261231,normal
SO-0349,SEG-7,P-L4-04,32000,20261231,normal
SO-0350,SEG-8,P-L4-05,34000,20261231,normal
SO-0351,SEG-9,P-L5-01,36000,20261231,normal
SO-0352,SEG-1,P-L5-02,38000,20261231,normal
SO-0353,SEG-2,P-L5-03,18000,20261231,normal
SO-0354,SEG-3,P-L5-04,20000,20261231,normal
SO-0355,SEG-4,P-L5-05,22000,20261231,normal
SO-0356,SEG-5,P-L6-01,24000,20261231,normal
SO-0357,SEG-6,P-L6-02,26000,20261231,normal
SO-0358,SEG-7,P-L6-03,28000,20261231,normal
SO-0359,SEG-8,P-L6-04,30000,20261231,normal
SO-0360,SEG-9,P-L6-05,32000,20261231,normal
