purchase_order_id,po_line_no,supplier_id,material_id,bunker_id,promised_date,quantity,unit
POQ4-0001,10,SUP-PET-A,PET-BR,BNK-L1-1,20261001,59000,KG
POQ4-0002,10,SUP-PET-A,PET-BR,BNK-L1-1,20261002,50890,KG
POQ4-0003,10,SUP-PET-A,PET-BR,BNK-L1-1,20261003,51249,KG
POQ4-0004,10,SUP-PET-A,PET-BR,BNK-L1-1,20261004,50682,KG
POQ4-0005,10,SUP-PET-A,PET-BR,BNK-L1-1,20261005,51043,KG
POQ4-0006,10,SUP-PET-A,PET-BR,BNK-L1-1,20261006,51971,KG
POQ4-0007,10,SUP-PET-A,PET-BR,BNK-L1-1,20261007,50890,KG
POQ4-0008,10,SUP-PET-A,PET-BR,BNK-L1-1,20261008,51249,KG
POQ4-0009,10,SUP-PET-A,PET-BR,BNK-L1-1,20261009,50682,KG
POQ4-0010,10,SUP-PET-A,PET-BR,BNK-L1-1,20261010,51043,KG
POQ4-0011,10,SUP-PET-A,PET-BR,BNK-L1-1,20261011,51971,KG
POQ4-0012,10,SUP-PET-A,PET-BR,BNK-L1-1,20261012,50890,KG
POQ4-0013,10,SUP-PET-A,PET-BR,BNK-L1-1,20261013,51249,KG
POQ4-0014,10,SUP-PET-A,PET-BR,BNK-L1-1,20261014,50682,KG
POQ4-0015,10,SUP-PET-A,PET-BR,BNK-L1-1,20261015,51043,KG
POQ4-0016,10,SUP-PET-A,PET-BR,BNK-L1-1,20261016,51971,KG
POQ4-0017,10,SUP-PET-A,PET-BR,BNK-L1-1,20261017,50890,KG
POQ4-0018,10,SUP-PET-A,PET-BR,BNK-L1-1,20261018,51249,KG
POQ4-0019,10,SUP-PET-A,PET-BR,BNK-L1-1,20261019,50682,KG
POQ4-0020,10,SUP-PET-A,PET-BR,BNK-L1-1,20261020,51043,KG
POQ4-0021,10,SUP-PET-A,PET-BR,BNK-L1-1,20261021,51971,KG
POQ4-0022,10,SUP-PET-A,PET-BR,BNK-L1-1,20261022,50890,KG
POQ4-0023,10,SUP-PET-A,PET-BR,BNK-L1-1,20261023,51249,KG
POQ4-0024,10,SUP-PET-A,PET-BR,BNK-L1-1,20261024,50682,KG
POQ4-0025,10,SUP-PET-A,PET-BR,BNK-L1-1,20261025,51043,KG
POQ4-0026,10,SUP-PET-A,PET-BR,BNK-L1-1,20261026,51971,KG
POQ4-0027,10,SUP-PET-A,PET-BR,BNK-L1-1,20261027,50890,KG
POQ4-0028,10,SUP-PET-A,PET-BR,BNK-L1-1,20261028,51249,KG
POQ4-0029,10,SUP-PET-A,PET-BR,BNK-L1-1,20261029,50682,KG
POQ4-0030,10,SUP-PET-A,PET-BR,BNK-L1-1,20261030,51043,KG
POQ4-0031,10,SUP-PET-A,PET-BR,BNK-L1-1,20261031,51971,KG
POQ4-0032,10,SUP-PET-A,PET-BR,BNK-L1-1,20261101,50,TO
POQ4-0033,10,SUP-PET-A,PET-BR,BNK-L1-1,20261102,51249,KG
POQ4-0034,10,SUP-PET-A,PET-BR,BNK-L1-1,20261103,50682,KG
POQ4-0035,10,SUP-PET-A,PET-BR,BNK-L1-1,20261104,51043,KG
POQ4-0036,10,SUP-PET-A,PET-BR,BNK-L1-1,20261105,51971,KG
POQ4-0037,10,SUP-PET-A,PET-BR,BNK-L1-1,20261106,50890,KG
POQ4-0038,10,SUP-PET-A,PET-BR,BNK-L1-1,20261107,51249,KG
POQ4-0039,10,SUP-PET-A,PET-BR,BNK-L1-1,20261108,50682,KG
POQ4-0040,10,SUP-PET-A,PET-BR,BNK-L1-1,20261109,51043,KG
POQ4-0041,10,SUP-PET-A,PET-BR,BNK-L1-1,20261110,51971,KG
POQ4-0042,10,SUP-PET-A,PET-BR,BNK-L1-1,20261111,50890,KG
POQ4-0043,10,SUP-PET-A,PET-BR,BNK-L1-1,20261112,51249,KG
POQ4-0044,10,SUP-PET-A,PET-BR,BNK-L1-1,20261113,50682,KG
POQ4-0045,10,SUP-PET-A,PET-BR,BNK-L1-1,20261114,51043,KG
POQ4-0046,10,SUP-PET-A,PET-BR,BNK-L1-1,20261115,51971,KG
POQ4-0047,10,SUP-PET-A,PET-BR,BNK-L1-1,20261116,50890,KG
POQ4-0048,10,SUP-PET-A,PET-BR,BNK-L1-1,20261117,51249,KG
POQ4-0049,10,SUP-PET-A,PET-BR,BNK-L1-1,20261118,50682,KG
POQ4-0050,10,SUP-PET-A,PET-BR,BNK-L1-1,20261119,51043,KG
POQ4-0051,10,SUP-PET-A,PET-BR,BNK-L1-1,20261120,51971,KG
POQ4-0052,10,SUP-PET-A,PET-BR,BNK-L1-1,20261121,50890,KG
POQ4-0053,10,SUP-PET-A,PET-BR,BNK-L1-1,20261122,51249,KG
POQ4-0054,10,SUP-PET-A,PET-BR,BNK-L1-1,20261123,50682,KG
POQ4-0055,10,SUP-PET-A,PET-BR,BNK-L1-1,20261124,51043,KG
POQ4-0056,10,SUP-PET-A,PET-BR,BNK-L1-1,20261125,51971,KG
POQ4-0057,10,SUP-PET-A,PET-BR,BNK-L1-1,20261126,50890,KG
POQ4-0058,10,SUP-PET-A,PET-BR,BNK-L1-1,20261127,51249,KG
POQ4-0059,10,SUP-PET-A,PET-BR,BNK-L1-1,20261128,50682,KG
POQ4-0060,10,SUP-PET-A,PET-BR,BNK-L1-1,20261129,51043,KG
POQ4-0061,10,SUP-PET-A,PET-BR,BNK-L1-1,20261130,51971,KG
POQ4-0062,10,SUP-PET-A,PET-BR,BNK-L1-1,20261201,50890,KG
POQ4-0063,10,SUP-PET-A,PET-BR,BNK-L1-1,20261202,51249,KG
POQ4-0064,10,SUP-PET-A,PET-BR,BNK-L1-1,20261203,50682,KG
POQ4-0065,10,SUP-PET-A,PET-BR,BNK-L1-1,20261204,51043,KG
POQ4-0066,10,SUP-PET-A,PET-BR,BNK-L1-1,20261205,51971,KG
POQ4-0067,10,SUP-PET-A,PET-BR,BNK-L1-1,20261206,50890,KG
POQ4-0068,10,SUP-PET-A,PET-BR,BNK-L1-1,20261207,51249,KG
POQ4-0069,10,SUP-PET-A,PET-BR,BNK-L1-1,20261208,50682,KG
POQ4-0070,10,SUP-PET-A,PET-BR,BNK-L1-1,20261209,51043,KG
POQ4-0071,10,SUP-PET-A,PET-BR,BNK-L1-1,20261210,51971,KG
POQ4-0072,10,SUP-PET-A,PET-BR,BNK-L1-1,20261211,50890,KG
POQ4-0073,10,SUP-PET-A,PET-BR,BNK-L1-1,20261212,51249,KG
POQ4-0074,10,SUP-PET-A,PET-BR,BNK-L1-1,20261213,50682,KG
POQ4-0075,10,SUP-PET-A,PET-BR,BNK-L1-1,20261214,51043,KG
POQ4-0076,10,SUP-PET-A,PET-BR,BNK-L1-1,20261215,51971,KG
POQ4-0077,10,SUP-PET-A,PET-BR,BNK-L1-1,20261216,50890,KG
POQ4-0078,10,SUP-PET-A,PET-BR,BNK-L1-1,20261217,51,TO
POQ4-0079,10,SUP-PET-A,PET-BR,BNK-L1-1,20261218,50682,KG
POQ4-0080,10,SUP-PET-A,PET-BR,BNK-L1-1,20261219,51043,KG
POQ4-0081,10,SUP-PET-A,PET-BR,BNK-L1-1,20261220,51971,KG
POQ4-0082,10,SUP-PET-A,PET-BR,BNK-L1-1,20261221,50890,KG
POQ4-0083,10,SUP-PET-A,PET-BR,BNK-L1-1,20261222,51249,KG
POQ4-0084,10,SUP-PET-A,PET-BR,BNK-L1-1,20261223,50682,KG
POQ4-0085,10,SUP-PET-A,PET-BR,BNK-L1-1,20261224,51043,KG
POQ4-0086,10,SUP-PET-A,PET-BR,BNK-L1-1,20261225,51971,KG
POQ4-0087,10,SUP-PET-A,PET-BR,BNK-L1-1,20261226,50890,KG
POQ4-0088,10,SUP-PET-A,PET-BR,BNK-L1-1,20261227,51249,KG
POQ4-0089,10,SUP-PET-A,PET-BR,BNK-L1-1,20261228,50682,KG
POQ4-0090,10,SUP-PET-A,PET-BR,BNK-L1-1,20261229,51043,KG
POQ4-0091,10,SUP-PET-A,PET-BR,BNK-L1-1,20261230,51971,KG
POQ4-0092,10,SUP-PET-A,PET-BR,BNK-L1-1,20261231,50890,KG
POQ4-0093,10,SUP-MB-A,MB-AB,BNK-L1-3,20261007,5000,KG
POQ4-0094,10,SUP-MB-A,MB-AB,BNK-L1-3,20261012,5000,KG
POQ4-0095,10,SUP-MB-A,MB-AB,BNK-L1-3,20261018,5000,KG
POQ4-0096,10,SUP-MB-A,MB-AB,BNK-L1-3,20261023,5000,KG
POQ4-0097,10,SUP-MB-A,MB-AB,BNK-L1-3,20261029,5000,KG
POQ4-0098,10,SUP-MB-A,MB-AB,BNK-L1-3,20261104,5000,KG
POQ4-0099,10,SUP-MB-A,MB-AB,BNK-L1-3,20261109,5000,KG
POQ4-0100,10,SUP-MB-A,MB-AB,BNK-L1-3,20261114,5000,KG
POQ4-0101,10,SUP-MB-A,MB-AB,BNK-L1-3,20261120,5000,KG
POQ4-0102,10,SUP-MB-A,MB-AB,BNK-L1-3,20261126,5000,KG
POQ4-0103,10,SUP-MB-A,MB-AB,BNK-L1-3,20261201,5000,KG
POQ4-0104,10,SUP-MB-A,MB-AB,BNK-L1-3,20261206,5000,KG
POQ4-0105,10,SUP-MB-A,MB-AB,BNK-L1-3,20261212,5000,KG
POQ4-0106,10,SUP-MB-A,MB-AB,BNK-L1-3,20261218,5000,KG
POQ4-0107,10,SUP-MB-A,MB-AB,BNK-L1-3,20261223,5000,KG
POQ4-0108,10,SUP-MB-A,MB-AB,BNK-L1-3,20261229,5000,KG
POQ4-0109,10,SUP-MB-A,MB-SL,BNK-L1-4,20261012,5000,KG
POQ4-0110,10,SUP-MB-A,MB-SL,BNK-L1-4,20261020,5000,KG
POQ4-0111,10,SUP-MB-A,MB-SL,BNK-L1-4,20261029,5000,KG
POQ4-0112,10,SUP-MB-A,MB-SL,BNK-L1-4,20261106,5000,KG
POQ4-0113,10,SUP-MB-A,MB-SL,BNK-L1-4,20261115,5000,KG
POQ4-0114,10,SUP-MB-A,MB-SL,BNK-L1-4,20261123,5000,KG
POQ4-0115,10,SUP-MB-A,MB-SL,BNK-L1-4,20261202,5000,KG
POQ4-0116,10,SUP-MB-A,MB-SL,BNK-L1-4,20261211,5000,KG
POQ4-0117,10,SUP-MB-A,MB-SL,BNK-L1-4,20261219,5000,KG
POQ4-0118,10,SUP-MB-A,MB-SL,BNK-L1-4,20261227,5000,KG
POQ4-0119,10,SUP-PET-A,PET-BR,BNK-L2-1,20261001,59000,KG
POQ4-0120,10,SUP-PET-A,PET-BR,BNK-L2-1,20261002,39911,KG
POQ4-0121,10,SUP-PET-A,PET-BR,BNK-L2-1,20261003,43333,KG
POQ4-0122,10,SUP-PET-A,PET-BR,BNK-L2-1,20261004,41820,KG
POQ4-0123,10,SUP-PET-A,PET-BR,BNK-L2-1,20261005,43183,KG
POQ4-0124,10,SUP-PET-A,PET-BR,BNK-L2-1,20261006,41,TO
POQ4-0125,10,SUP-PET-A,PET-BR,BNK-L2-1,20261007,39911,KG
POQ4-0126,10,SUP-PET-A,PET-BR,BNK-L2-1,20261008,43333,KG
POQ4-0127,10,SUP-PET-A,PET-BR,BNK-L2-1,20261009,41820,KG
POQ4-0128,10,SUP-PET-A,PET-BR,BNK-L2-1,20261010,43183,KG
POQ4-0129,10,SUP-PET-A,PET-BR,BNK-L2-1,20261011,41859,KG
POQ4-0130,10,SUP-PET-A,PET-BR,BNK-L2-1,20261012,39911,KG
POQ4-0131,10,SUP-PET-A,PET-BR,BNK-L2-1,20261013,43333,KG
POQ4-0132,10,SUP-PET-A,PET-BR,BNK-L2-1,20261014,41820,KG
POQ4-0133,10,SUP-PET-A,PET-BR,BNK-L2-1,20261015,43183,KG
POQ4-0134,10,SUP-PET-A,PET-BR,BNK-L2-1,20261016,41859,KG
POQ4-0135,10,SUP-PET-A,PET-BR,BNK-L2-1,20261017,39911,KG
POQ4-0136,10,SUP-PET-A,PET-BR,BNK-L2-1,20261018,43333,KG
POQ4-0137,10,SUP-PET-A,PET-BR,BNK-L2-1,20261019,41820,KG
POQ4-0138,10,SUP-PET-A,PET-BR,BNK-L2-1,20261020,43183,KG
POQ4-0139,10,SUP-PET-A,PET-BR,BNK-L2-1,20261021,41859,KG
POQ4-0140,10,SUP-PET-A,PET-BR,BNK-L2-1,20261022,39911,KG
POQ4-0141,10,SUP-PET-A,PET-BR,BNK-L2-1,20261023,43333,KG
POQ4-0142,10,SUP-PET-A,PET-BR,BNK-L2-1,20261024,41820,KG
POQ4-0143,10,SUP-PET-A,PET-BR,BNK-L2-1,20261025,43183,KG
POQ4-0144,10,SUP-PET-A,PET-BR,BNK-L2-1,20261026,41859,KG
POQ4-0145,10,SUP-PET-A,PET-BR,BNK-L2-1,20261027,39911,KG
POQ4-0146,10,SUP-PET-A,PET-BR,BNK-L2-1,20261028,43333,KG
POQ4-0147,10,SUP-PET-A,PET-BR,BNK-L2-1,20261029,41820,KG
POQ4-0148,10,SUP-PET-A,PET-BR,BNK-L2-1,20261030,43183,KG
POQ4-0149,10,SUP-PET-A,PET-BR,BNK-L2-1,20261031,41859,KG
POQ4-0150,10,SUP-PET-A,PET-BR,BNK-L2-1,20261101,39911,KG
POQ4-0151,10,SUP-PET-A,PET-BR,BNK-L2-1,20261102,43333,KG
POQ4-0152,10,SUP-PET-A,PET-BR,BNK-L2-1,20261103,41820,KG
POQ4-0153,10,SUP-PET-A,PET-BR,BNK-L2-1,20261104,43183,KG
POQ4-0154,10,SUP-PET-A,PET-BR,BNK-L2-1,20261105,41859,KG
POQ4-0155,10,SUP-PET-A,PET-BR,BNK-L2-1,20261106,39911,KG
POQ4-0156,10,SUP-PET-A,PET-BR,BNK-L2-1,20261107,43333,KG
POQ4-0157,10,SUP-PET-A,PET-BR,BNK-L2-1,20261108,41820,KG
POQ4-0158,10,SUP-PET-A,PET-BR,BNK-L2-1,20261109,43183,KG
POQ4-0159,10,SUP-PET-A,PET-BR,BNK-L2-1,20261110,41859,KG
POQ4-0160,10,SUP-PET-A,PET-BR,BNK-L2-1,20261111,39911,KG
POQ4-0161,10,SUP-PET-A,PET-BR,BNK-L2-1,20261112,43333,KG
POQ4-0162,10,SUP-PET-A,PET-BR,BNK-L2-1,20261113,41820,KG
POQ4-0163,10,SUP-PET-A,PET-BR,BNK-L2-1,20261114,43183,KG
POQ4-0164,10,SUP-PET-A,PET-BR,BNK-L2-1,20261115,41859,KG
POQ4-0165,10,SUP-PET-A,PET-BR,BNK-L2-1,20261116,39911,KG
POQ4-0166,10,SUP-PET-A,PET-BR,BNK-L2-1,20261117,43333,KG
POQ4-0167,10,SUP-PET-A,PET-BR,BNK-L2-1,20261118,41820,KG
POQ4-0168,10,SUP-PET-A,PET-BR,BNK-L2-1,20261119,43183,KG
POQ4-0169,10,SUP-PET-A,PET-BR,BNK-L2-1,20261120,41859,KG
POQ4-0170,10,SUP-PET-A,PET-BR,BNK-L2-1,20261121,39911,KG
POQ4-0171,10,SUP-PET-A,PET-BR,BNK-L2-1,20261122,43333,KG
POQ4-0172,10,SUP-PET-A,PET-BR,BNK-L2-1,20261123,41820,KG
POQ4-0173,10,SUP-PET-A,PET-BR,BNK-L2-1,20261124,43183,KG
POQ4-0174,10,SUP-PET-A,PET-BR,BNK-L2-1,20261125,41859,KG
POQ4-0175,10,SUP-PET-A,PET-BR,BNK-L2-1,20261126,39911,KG
POQ4-0176,10,SUP-PET-A,PET-BR,BNK-L2-1,20261127,43333,KG
POQ4-0177,10,SUP-PET-A,PET-BR,BNK-L2-1,20261128,41820,KG
POQ4-0178,10,SUP-PET-A,PET-BR,BNK-L2-1,20261129,43183,KG
POQ4-0179,10,SUP-PET-A,PET-BR,BNK-L2-1,20261130,41859,KG
POQ4-0180,10,SUP-PET-A,PET-BR,BNK-L2-1,20261201,39911,KG
POQ4-0181,10,SUP-PET-A,PET-BR,BNK-L2-1,20261202,43333,KG
POQ4-0182,10,SUP-PET-A,PET-BR,BNK-L2-1,20261203,41820,KG
POQ4-0183,10,SUP-PET-A,PET-BR,BNK-L2-1,20261204,43183,KG
POQ4-0184,10,SUP-PET-A,PET-BR,BNK-L2-1,20261205,41859,KG
POQ4-0185,10,SUP-PET-A,PET-BR,BNK-L2-1,20261206,39911,KG
POQ4-0186,10,SUP-PET-A,PET-BR,BNK-L2-1,20261207,43333,KG
POQ4-0187,10,SUP-PET-A,PET-BR,BNK-L2-1,20261208,41820,KG
POQ4-0188,10,SUP-PET-A,PET-BR,BNK-L2-1,20261209,43183,KG
POQ4-0189,10,SUP-PET-A,PET-BR,BNK-L2-1,20261210,41859,KG
POQ4-0190,10,SUP-PET-A,PET-BR,BNK-L2-1,20261211,39911,KG
POQ4-0191,10,SUP-PET-A,PET-BR,BNK-L2-1,20261212,43333,KG
POQ4-0192,10,SUP-PET-A,PET-BR,BNK-L2-1,20261213,41820,KG
POQ4-0193,10,SUP-PET-A,PET-BR,BNK-L2-1,20261214,43183,KG
POQ4-0194,10,SUP-PET-A,PET-BR,BNK-L2-1,20261215,41859,KG
POQ4-0195,10,SUP-PET-A,PET-BR,BNK-L2-1,20261216,39911,KG
POQ4-0196,10,SUP-PET-A,PET-BR,BNK-L2-1,20261217,43333,KG
POQ4-0197,10,SUP-PET-A,PET-BR,BNK-L2-1,20261218,41820,KG
POQ4-0198,10,SUP-PET-A,PET-BR,BNK-L2-1,20261219,43183,KG
POQ4-0199,10,SUP-PET-A,PET-BR,BNK-L2-1,20261220,41859,KG
POQ4-0200,10,SUP-PET-A,PET-BR,BNK-L2-1,20261221,39,TO
POQ4-0201,10,SUP-PET-A,PET-BR,BNK-L2-1,20261222,43333,KG
POQ4-0202,10,SUP-PET-A,PET-BR,BNK-L2-1,20261223,41820,KG
POQ4-0203,10,SUP-PET-A,PET-BR,BNK-L2-1,20261224,43183,KG
POQ4-0204,10,SUP-PET-A,PET-BR,BNK-L2-1,20261225,41859,KG
POQ4-0205,10,SUP-PET-A,PET-BR,BNK-L2-1,20261226,39911,KG
POQ4-0206,10,SUP-PET-A,PET-BR,BNK-L2-1,20261227,43333,KG
POQ4-0207,10,SUP-PET-A,PET-BR,BNK-L2-1,20261228,41820,KG
POQ4-0208,10,SUP-PET-A,PET-BR,BNK-L2-1,20261229,43183,KG
POQ4-0209,10,SUP-PET-A,PET-BR,BNK-L2-1,20261230,41859,KG
POQ4-0210,10,SUP-PET-A,PET-BR,BNK-L2-1,20261231,39911,KG
POQ4-0211,10,SUP-PET-A,PET-RC,BNK-L2-2,20261006,50000,KG
POQ4-0212,10,SUP-PET-A,PET-RC,BNK-L2-2,20261011,25000,KG
POQ4-0213,10,SUP-PET-A,PET-RC,BNK-L2-2,20261014,50000,KG
POQ4-0214,10,SUP-PET-A,PET-RC,BNK-L2-2,20261019,25000,KG
POQ4-0215,10,SUP-PET-A,PET-RC,BNK-L2-2,20261021,25000,KG
POQ4-0216,10,SUP-PET-A,PET-RC,BNK-L2-2,20261024,25000,KG
POQ4-0217,10,SUP-PET-A,PET-RC,BNK-L2-2,20261027,50000,KG
POQ4-0218,10,SUP-PET-A,PET-RC,BNK-L2-2,20261101,25000,KG
POQ4-0219,10,SUP-PET-A,PET-RC,BNK-L2-2,20261104,25000,KG
POQ4-0220,10,SUP-PET-A,PET-RC,BNK-L2-2,20261107,50000,KG
POQ4-0221,10,SUP-PET-A,PET-RC,BNK-L2-2,20261112,25000,KG
POQ4-0222,10,SUP-PET-A,PET-RC,BNK-L2-2,20261115,50000,KG
POQ4-0223,10,SUP-PET-A,PET-RC,BNK-L2-2,20261120,25000,KG
POQ4-0224,10,SUP-PET-A,PET-RC,BNK-L2-2,20261123,50000,KG
POQ4-0225,10,SUP-PET-A,PET-RC,BNK-L2-2,20261128,25000,KG
POQ4-0226,10,SUP-PET-A,PET-RC,BNK-L2-2,20261201,50000,KG
POQ4-0227,10,SUP-PET-A,PET-RC,BNK-L2-2,20261206,25000,KG
POQ4-0228,10,SUP-PET-A,PET-RC,BNK-L2-2,20261209,25000,KG
POQ4-0229,10,SUP-PET-A,PET-RC,BNK-L2-2,20261212,50000,KG
POQ4-0230,10,SUP-PET-A,PET-RC,BNK-L2-2,20261217,25000,KG
POQ4-0231,10,SUP-PET-A,PET-RC,BNK-L2-2,20261220,50000,KG
POQ4-0232,10,SUP-PET-A,PET-RC,BNK-L2-2,20261225,25000,KG
POQ4-0233,10,SUP-PET-A,PET-RC,BNK-L2-2,20261228,50000,KG
POQ4-0234,10,SUP-MB-A,MB-AB,BNK-L2-3,20261007,5000,KG
POQ4-0235,10,SUP-MB-A,MB-AB,BNK-L2-3,20261013,5000,KG
POQ4-0236,10,SUP-MB-A,MB-AB,BNK-L2-3,20261020,5000,KG
POQ4-0237,10,SUP-MB-A,MB-AB,BNK-L2-3,20261026,5000,KG
POQ4-0238,10,SUP-MB-A,MB-AB,BNK-L2-3,20261101,5000,KG
POQ4-0239,10,SUP-MB-A,MB-AB,BNK-L2-3,20261107,5000,KG
POQ4-0240,10,SUP-MB-A,MB-AB,BNK-L2-3,20261113,5000,KG
POQ4-0241,10,SUP-MB-A,MB-AB,BNK-L2-3,20261119,5000,KG
POQ4-0242,10,SUP-MB-A,MB-AB,BNK-L2-3,20261125,5000,KG
POQ4-0243,10,SUP-MB-A,MB-AB,BNK-L2-3,20261201,5000,KG
POQ4-0244,10,SUP-MB-A,MB-AB,BNK-L2-3,20261207,5000,KG
POQ4-0245,10,SUP-MB-A,MB-AB,BNK-L2-3,20261213,5000,KG
POQ4-0246,10,SUP-MB-A,MB-AB,BNK-L2-3,20261219,5000,KG
POQ4-0247,10,SUP-MB-A,MB-AB,BNK-L2-3,20261225,5000,KG
POQ4-0248,10,SUP-ADD-A,MB-WH,BNK-L2-4,20261010,2000,KG
POQ4-0249,10,SUP-ADD-A,MB-WH,BNK-L2-4,20261014,2000,KG
POQ4-0250,10,SUP-ADD-A,MB-WH,BNK-L2-4,20261017,2000,KG
POQ4-0251,10,SUP-ADD-A,MB-WH,BNK-L2-4,20261021,2000,KG
POQ4-0252,10,SUP-ADD-A,MB-WH,BNK-L2-4,20261025,2,TO
POQ4-0253,10,SUP-ADD-A,MB-WH,BNK-L2-4,20261028,2000,KG
POQ4-0254,10,SUP-ADD-A,MB-WH,BNK-L2-4,20261031,1000,KG
POQ4-0255,10,SUP-ADD-A,MB-WH,BNK-L2-4,20261102,2000,KG
POQ4-0256,10,SUP-ADD-A,MB-WH,BNK-L2-4,20261106,2000,KG
POQ4-0257,10,SUP-ADD-A,MB-WH,BNK-L2-4,20261110,2000,KG
POQ4-0258,10,SUP-ADD-A,MB-WH,BNK-L2-4,20261113,2000,KG
POQ4-0259,10,SUP-ADD-A,MB-WH,BNK-L2-4,20261117,2000,KG
POQ4-0260,10,SUP-ADD-A,MB-WH,BNK-L2-4,20261120,2000,KG
POQ4-0261,10,SUP-ADD-A,MB-WH,BNK-L2-4,20261124,2000,KG
POQ4-0262,10,SUP-ADD-A,MB-WH,BNK-L2-4,20261127,2000,KG
POQ4-0263,10,SUP-ADD-A,MB-WH,BNK-L2-4,20261201,2000,KG
POQ4-0264,10,SUP-ADD-A,MB-WH,BNK-L2-4,20261205,2000,KG
POQ4-0265,10,SUP-ADD-A,MB-WH,BNK-L2-4,20261208,2000,KG
POQ4-0266,10,SUP-ADD-A,MB-WH,BNK-L2-4,20261212,2000,KG
POQ4-0267,10,SUP-ADD-A,MB-WH,BNK-L2-4,20261215,2000,KG
POQ4-0268,10,SUP-ADD-A,MB-WH,BNK-L2-4,20261219,2000,KG
POQ4-0269,10,SUP-ADD-A,MB-WH,BNK-L2-4,20261222,2000,KG
POQ4-0270,10,SUP-ADD-A,MB-WH,BNK-L2-4,20261226,2000,KG
POQ4-0271,10,SUP-PET-A,PET-BR,BNK-L3-1,20261001,44000,KG
POQ4-0272,10,SUP-PET-A,PET-BR,BNK-L3-1,20261003,50972,KG
POQ4-0273,10,SUP-PET-A,PET-BR,BNK-L3-1,20261004,29625,KG
POQ4-0274,10,SUP-PET-A,PET-BR,BNK-L3-1,20261005,29982,KG
POQ4-0275,10,SUP-PET-A,PET-BR,BNK-L3-1,20261007,74250,KG
POQ4-0276,10,SUP-PET-A,PET-BR,BNK-L3-1,20261009,88893,KG
POQ4-0277,10,SUP-PET-A,PET-BR,BNK-L3-1,20261010,46461,KG
POQ4-0278,10,SUP-PET-A,PET-BR,BNK-L3-1,20261016,44643,KG
POQ4-0279,10,SUP-PET-A,PET-BR,BNK-L3-1,20261018,65972,KG
POQ4-0280,10,SUP-PET-A,PET-BR,BNK-L3-1,20261019,44625,KG
POQ4-0281,10,SUP-PET-A,PET-BR,BNK-L3-1,20261020,46461,KG
POQ4-0282,10,SUP-PET-A,PET-BR,BNK-L3-1,20261021,44643,KG
POQ4-0283,10,SUP-PET-A,PET-BR,BNK-L3-1,20261023,65972,KG
POQ4-0284,10,SUP-PET-A,PET-BR,BNK-L3-1,20261024,44625,KG
POQ4-0285,10,SUP-PET-A,PET-BR,BNK-L3-1,20261025,46461,KG
POQ4-0286,10,SUP-PET-A,PET-BR,BNK-L3-1,20261026,44643,KG
POQ4-0287,10,SUP-PET-A,PET-BR,BNK-L3-1,20261028,65972,KG
POQ4-0288,10,SUP-PET-A,PET-BR,BNK-L3-1,20261029,44625,KG
POQ4-0289,10,SUP-PET-A,PET-BR,BNK-L3-1,20261030,46461,KG
POQ4-0290,10,SUP-PET-A,PET-BR,BNK-L3-1,20261031,44643,KG
POQ4-0291,10,SUP-PET-A,PET-BR,BNK-L3-1,20261102,65972,KG
POQ4-0292,10,SUP-PET-A,PET-BR,BNK-L3-1,20261103,44625,KG
POQ4-0293,10,SUP-PET-A,PET-BR,BNK-L3-1,20261104,46461,KG
POQ4-0294,10,SUP-PET-A,PET-BR,BNK-L3-1,20261105,44643,KG
POQ4-0295,10,SUP-PET-A,PET-BR,BNK-L3-1,20261107,65972,KG
POQ4-0296,10,SUP-PET-A,PET-BR,BNK-L3-1,20261108,44625,KG
POQ4-0297,10,SUP-PET-A,PET-BR,BNK-L3-1,20261109,46461,KG
POQ4-0298,10,SUP-PET-A,PET-BR,BNK-L3-1,20261110,44643,KG
POQ4-0299,10,SUP-PET-A,PET-BR,BNK-L3-1,20261112,65972,KG
POQ4-0300,10,SUP-PET-A,PET-BR,BNK-L3-1,20261113,44625,KG
POQ4-0301,10,SUP-PET-A,PET-BR,BNK-L3-1,20261114,46461,KG
POQ4-0302,10,SUP-PET-A,PET-BR,BNK-L3-1,20261115,44643,KG
POQ4-0303,10,SUP-PET-A,PET-BR,BNK-L3-1,20261117,65972,KG
POQ4-0304,10,SUP-PET-A,PET-BR,BNK-L3-1,20261118,44625,KG
POQ4-0305,10,SUP-PET-A,PET-BR,BNK-L3-1,20261119,46461,KG
POQ4-0306,10,SUP-PET-A,PET-BR,BNK-L3-1,20261120,44643,KG
POQ4-0307,10,SUP-PET-A,PET-BR,BNK-L3-1,20261122,65972,KG
POQ4-0308,10,SUP-PET-A,PET-BR,BNK-L3-1,20261123,44625,KG
POQ4-0309,10,SUP-PET-A,PET-BR,BNK-L3-1,20261124,46461,KG
POQ4-0310,10,SUP-PET-A,PET-BR,BNK-L3-1,20261125,44643,KG
POQ4-0311,10,SUP-PET-A,PET-BR,BNK-L3-1,20261127,65972,KG
POQ4-0312,10,SUP-PET-A,PET-BR,BNK-L3-1,20261128,44625,KG
POQ4-0313,10,SUP-PET-A,PET-BR,BNK-L3-1,20261129,46461,KG
POQ4-0314,10,SUP-PET-A,PET-BR,BNK-L3-1,20261130,44643,KG
POQ4-0315,10,SUP-PET-A,PET-BR,BNK-L3-1,20261202,65972,KG
POQ4-0316,10,SUP-PET-A,PET-BR,BNK-L3-1,20261203,44625,KG
POQ4-0317,10,SUP-PET-A,PET-BR,BNK-L3-1,20261204,46461,KG
POQ4-0318,10,SUP-PET-A,PET-BR,BNK-L3-1,20261205,44643,KG
POQ4-0319,10,SUP-PET-A,PET-BR,BNK-L3-1,20261207,65972,KG
POQ4-0320,10,SUP-PET-A,PET-BR,BNK-L3-1,20261208,44625,KG
POQ4-0321,10,SUP-PET-A,PET-BR,BNK-L3-1,20261209,46461,KG
POQ4-0322,10,SUP-PET-A,PET-BR,BNK-L3-1,20261210,44643,KG
POQ4-0323,10,SUP-PET-A,PET-BR,BNK-L3-1,20261212,65972,KG
POQ4-0324,10,SUP-PET-A,PET-BR,BNK-L3-1,20261213,44625,KG
POQ4-0325,10,SUP-PET-A,PET-BR,BNK-L3-1,20261214,46461,KG
POQ4-0326,10,SUP-PET-A,PET-BR,BNK-L3-1,20261215,44643,KG
POQ4-0327,10,SUP-PET-A,PET-BR,BNK-L3-1,20261217,65972,KG
POQ4-0328,10,SUP-PET-A,PET-BR,BNK-L3-1,20261218,44625,KG
POQ4-0329,10,SUP-PET-A,PET-BR,BNK-L3-1,20261219,46461,KG
POQ4-0330,10,SUP-PET-A,PET-BR,BNK-L3-1,20261220,44643,KG
POQ4-0331,10,SUP-PET-A,PET-BR,BNK-L3-1,20261222,65972,KG
POQ4-0332,10,SUP-PET-A,PET-BR,BNK-L3-1,20261223,44625,KG
POQ4-0333,10,SUP-PET-A,PET-BR,BNK-L3-1,20261224,46461,KG
POQ4-0334,10,SUP-PET-A,PET-BR,BNK-L3-1,20261225,44,TO
POQ4-0335,10,SUP-PET-A,PET-BR,BNK-L3-1,20261227,65972,KG
POQ4-0336,10,SUP-PET-A,PET-BR,BNK-L3-1,20261228,44625,KG
POQ4-0337,10,SUP-PET-A,PET-BR,BNK-L3-1,20261229,46461,KG
POQ4-0338,10,SUP-PET-A,PET-BR,BNK-L3-1,20261230,44643,KG
POQ4-0339,10,SUP-PET-B,PET-SD,BNK-L3-2,20261007,50000,KG
POQ4-0340,10,SUP-PET-B,PET-SD,BNK-L3-2,20261017,25000,KG
POQ4-0341,10,SUP-PET-B,PET-SD,BNK-L3-2,20261020,25000,KG
POQ4-0342,10,SUP-PET-B,PET-SD,BNK-L3-2,20261022,25000,KG
POQ4-0343,10,SUP-PET-B,PET-SD,BNK-L3-2,20261025,50000,KG
POQ4-0344,10,SUP-PET-B,PET-SD,BNK-L3-2,20261029,50000,KG
POQ4-0345,10,SUP-PET-B,PET-SD,BNK-L3-2,20261102,50000,KG
POQ4-0346,10,SUP-PET-B,PET-SD,BNK-L3-2,20261106,25000,KG
POQ4-0347,10,SUP-PET-B,PET-SD,BNK-L3-2,20261111,50000,KG
POQ4-0348,10,SUP-PET-B,PET-SD,BNK-L3-2,20261115,50000,KG
POQ4-0349,10,SUP-PET-B,PET-SD,BNK-L3-2,20261119,50000,KG
POQ4-0350,10,SUP-PET-B,PET-SD,BNK-L3-2,20261123,50000,KG
POQ4-0351,10,SUP-PET-B,PET-SD,BNK-L3-2,20261128,50000,KG
POQ4-0352,10,SUP-PET-B,PET-SD,BNK-L3-2,20261202,50000,KG
POQ4-0353,10,SUP-PET-B,PET-SD,BNK-L3-2,20261206,25000,KG
POQ4-0354,10,SUP-PET-B,PET-SD,BNK-L3-2,20261210,50000,KG
POQ4-0355,10,SUP-PET-B,PET-SD,BNK-L3-2,20261214,25000,KG
POQ4-0356,10,SUP-PET-B,PET-SD,BNK-L3-2,20261216,25000,KG
POQ4-0357,10,SUP-PET-B,PET-SD,BNK-L3-2,20261219,50000,KG
POQ4-0358,10,SUP-PET-B,PET-SD,BNK-L3-2,20261223,50000,KG
POQ4-0359,10,SUP-PET-B,PET-SD,BNK-L3-2,20261227,50000,KG
POQ4-0360,10,SUP-PET-B,PET-SD,BNK-L3-2,20261231,25000,KG
POQ4-0361,10,SUP-MB-A,MB-SL,BNK-L3-3,20261007,5000,KG
POQ4-0362,10,SUP-MB-A,MB-SL,BNK-L3-3,20261018,5000,KG
POQ4-0363,10,SUP-MB-A,MB-SL,BNK-L3-3,20261023,5000,KG
POQ4-0364,10,SUP-MB-A,MB-SL,BNK-L3-3,20261029,5000,KG
POQ4-0365,10,SUP-MB-A,MB-SL,BNK-L3-3,20261104,5000,KG
POQ4-0366,10,SUP-MB-A,MB-SL,BNK-L3-3,20261111,5000,KG
POQ4-0367,10,SUP-MB-A,MB-SL,BNK-L3-3,20261117,5000,KG
POQ4-0368,10,SUP-MB-A,MB-SL,BNK-L3-3,20261123,5000,KG
POQ4-0369,10,SUP-MB-A,MB-SL,BNK-L3-3,20261129,5000,KG
POQ4-0370,10,SUP-MB-A,MB-SL,BNK-L3-3,20261206,5000,KG
POQ4-0371,10,SUP-MB-A,MB-SL,BNK-L3-3,20261211,5000,KG
POQ4-0372,10,SUP-MB-A,MB-SL,BNK-L3-3,20261217,5000,KG
POQ4-0373,10,SUP-MB-A,MB-SL,BNK-L3-3,20261223,5000,KG
POQ4-0374,10,SUP-MB-A,MB-SL,BNK-L3-3,20261229,5000,KG
POQ4-0375,10,SUP-ADD-A,MB-UV,BNK-L3-4,20261019,1000,KG
POQ4-0376,10,SUP-ADD-A,MB-UV,BNK-L3-4,20261022,2000,KG
POQ4-0377,10,SUP-ADD-A,MB-UV,BNK-L3-4,20261026,1000,KG
POQ4-0378,10,SUP-ADD-A,MB-UV,BNK-L3-4,20261028,1000,KG
POQ4-0379,10,SUP-ADD-A,MB-UV,BNK-L3-4,20261031,2000,KG
POQ4-0380,10,SUP-ADD-A,MB-UV,BNK-L3-4,20261103,1000,KG
POQ4-0381,10,SUP-ADD-A,MB-UV,BNK-L3-4,20261106,1000,KG
POQ4-0382,10,SUP-ADD-A,MB-UV,BNK-L3-4,20261108,2000,KG
POQ4-0383,10,SUP-ADD-A,MB-UV,BNK-L3-4,20261112,1000,KG
POQ4-0384,10,SUP-ADD-A,MB-UV,BNK-L3-4,20261115,2000,KG
POQ4-0385,10,SUP-ADD-A,MB-UV,BNK-L3-4,20261118,1000,KG
POQ4-0386,10,SUP-ADD-A,MB-UV,BNK-L3-4,20261121,1000,KG
POQ4-0387,10,SUP-ADD-A,MB-UV,BNK-L3-4,20261123,1000,KG
POQ4-0388,10,SUP-ADD-A,MB-UV,BNK-L3-4,20261126,2000,KG
POQ4-0389,10,SUP-ADD-A,MB-UV,BNK-L3-4,20261130,2000,KG
POQ4-0390,10,SUP-ADD-A,MB-UV,BNK-L3-4,20261203,1000,KG
POQ4-0391,10,SUP-ADD-A,MB-UV,BNK-L3-4,20261206,1000,KG
POQ4-0392,10,SUP-ADD-A,MB-UV,BNK-L3-4,20261208,1000,KG
POQ4-0393,10,SUP-ADD-A,MB-UV,BNK-L3-4,20261211,2000,KG
POQ4-0394,10,SUP-ADD-A,MB-UV,BNK-L3-4,20261215,1000,KG
POQ4-0395,10,SUP-ADD-A,MB-UV,BNK-L3-4,20261217,1000,KG
POQ4-0396,10,SUP-ADD-A,MB-UV,BNK-L3-4,20261220,2000,KG
POQ4-0397,10,SUP-ADD-A,MB-UV,BNK-L3-4,20261223,1000,KG
POQ4-0398,10,SUP-ADD-A,MB-UV,BNK-L3-4,20261226,2000,KG
POQ4-0399,10,SUP-PET-A,PET-BR,BNK-L4-1,20261001,64000,KG
POQ4-0400,10,SUP-PET-A,PET-BR,BNK-L4-1,20261003,76209,KG
POQ4-0401,10,SUP-PET-A,PET-BR,BNK-L4-1,20261005,80876,KG
POQ4-0402,10,SUP-PET-A,PET-BR,BNK-L4-1,20261007,76345,KG
POQ4-0403,10,SUP-PET-A,PET-BR,BNK-L4-1,20261009,78180,KG
POQ4-0404,10,SUP-PET-A,PET-BR,BNK-L4-1,20261011,81736,KG
POQ4-0405,10,SUP-PET-A,PET-BR,BNK-L4-1,20261013,76209,KG
POQ4-0406,10,SUP-PET-A,PET-BR,BNK-L4-1,20261015,80876,KG
POQ4-0407,10,SUP-PET-A,PET-BR,BNK-L4-1,20261017,76345,KG
POQ4-0408,10,SUP-PET-A,PET-BR,BNK-L4-1,20261019,78180,KG
POQ4-0409,10,SUP-PET-A,PET-BR,BNK-L4-1,20261021,81736,KG
POQ4-0410,10,SUP-PET-A,PET-BR,BNK-L4-1,20261023,76209,KG
POQ4-0411,10,SUP-PET-A,PET-BR,BNK-L4-1,20261025,80876,KG
POQ4-0412,10,SUP-PET-A,PET-BR,BNK-L4-1,20261027,76345,KG
POQ4-0413,10,SUP-PET-A,PET-BR,BNK-L4-1,20261029,78180,KG
POQ4-0414,10,SUP-PET-A,PET-BR,BNK-L4-1,20261031,81736,KG
POQ4-0415,10,SUP-PET-A,PET-BR,BNK-L4-1,20261102,76209,KG
POQ4-0416,10,SUP-PET-A,PET-BR,BNK-L4-1,20261104,80876,KG
POQ4-0417,10,SUP-PET-A,PET-BR,BNK-L4-1,20261106,76345,KG
POQ4-0418,10,SUP-PET-A,PET-BR,BNK-L4-1,20261108,78180,KG
POQ4-0419,10,SUP-PET-A,PET-BR,BNK-L4-1,20261110,81736,KG
POQ4-0420,10,SUP-PET-A,PET-BR,BNK-L4-1,20261112,76209,KG
POQ4-0421,10,SUP-PET-A,PET-BR,BNK-L4-1,20261114,80876,KG
POQ4-0422,10,SUP-PET-A,PET-BR,BNK-L4-1,20261116,76345,KG
POQ4-0423,10,SUP-PET-A,PET-BR,BNK-L4-1,20261118,78180,KG
POQ4-0424,10,SUP-PET-A,PET-BR,BNK-L4-1,20261120,81736,KG
POQ4-0425,10,SUP-PET-A,PET-BR,BNK-L4-1,20261122,76209,KG
POQ4-0426,10,SUP-PET-A,PET-BR,BNK-L4-1,20261124,80876,KG
POQ4-0427,10,SUP-PET-A,PET-BR,BNK-L4-1,20261126,76345,KG
POQ4-0428,10,SUP-PET-A,PET-BR,BNK-L4-1,20261128,78180,KG
POQ4-0429,10,SUP-PET-A,PET-BR,BNK-L4-1,20261130,80736,KG
POQ4-0430,10,SUP-PET-A,PET-BR,BNK-L4-1,20261202,76209,KG
POQ4-0431,10,SUP-PET-A,PET-BR,BNK-L4-1,20261204,80876,KG
POQ4-0432,10,SUP-PET-A,PET-BR,BNK-L4-1,20261206,76345,KG
POQ4-0433,10,SUP-PET-A,PET-BR,BNK-L4-1,20261208,78180,KG
POQ4-0434,10,SUP-PET-A,PET-BR,BNK-L4-1,20261210,81736,KG
POQ4-0435,10,SUP-PET-A,PET-BR,BNK-L4-1,20261212,76209,KG
POQ4-0436,10,SUP-PET-A,PET-BR,BNK-L4-1,20261214,80876,KG
POQ4-0437,10,SUP-PET-A,PET-BR,BNK-L4-1,20261216,76345,KG
POQ4-0438,10,SUP-PET-A,PET-BR,BNK-L4-1,20261218,78180,KG
POQ4-0439,10,SUP-PET-A,PET-BR,BNK-L4-1,20261220,81736,KG
POQ4-0440,10,SUP-PET-A,PET-BR,BNK-L4-1,20261222,76209,KG
POQ4-0441,10,SUP-PET-A,PET-BR,BNK-L4-1,20261224,80876,KG
POQ4-0442,10,SUP-PET-A,PET-BR,BNK-L4-1,20261226,76,TO
POQ4-0443,10,SUP-PET-A,PET-BR,BNK-L4-1,20261228,78180,KG
POQ4-0444,10,SUP-PET-A,PET-BR,BNK-L4-1,20261230,81736,KG
POQ4-0445,10,SUP-PET-B,PET-CO,BNK-L4-2,20261006,25000,KG
POQ4-0446,10,SUP-PET-B,PET-CO,BNK-L4-2,20261008,25000,KG
POQ4-0447,10,SUP-PET-B,PET-CO,BNK-L4-2,20261011,25000,KG
POQ4-0448,10,SUP-PET-B,PET-CO,BNK-L4-2,20261014,25000,KG
POQ4-0449,10,SUP-PET-B,PET-CO,BNK-L4-2,20261017,25000,KG
POQ4-0450,10,SUP-PET-B,PET-CO,BNK-L4-2,20261020,25000,KG
POQ4-0451,10,SUP-PET-B,PET-CO,BNK-L4-2,20261023,50000,KG
POQ4-0452,10,SUP-PET-B,PET-CO,BNK-L4-2,20261028,25000,KG
POQ4-0453,10,SUP-PET-B,PET-CO,BNK-L4-2,20261031,25000,KG
POQ4-0454,10,SUP-PET-B,PET-CO,BNK-L4-2,20261103,50000,KG
POQ4-0455,10,SUP-PET-B,PET-CO,BNK-L4-2,20261109,50000,KG
POQ4-0456,10,SUP-PET-B,PET-CO,BNK-L4-2,20261114,25000,KG
POQ4-0457,10,SUP-PET-B,PET-CO,BNK-L4-2,20261117,25000,KG
POQ4-0458,10,SUP-PET-B,PET-CO,BNK-L4-2,20261120,25000,KG
POQ4-0459,10,SUP-PET-B,PET-CO,BNK-L4-2,20261122,25000,KG
POQ4-0460,10,SUP-PET-B,PET-CO,BNK-L4-2,20261125,25000,KG
POQ4-0461,10,SUP-PET-B,PET-CO,BNK-L4-2,20261128,25000,KG
POQ4-0462,10,SUP-PET-B,PET-CO,BNK-L4-2,20261201,25000,KG
POQ4-0463,10,SUP-PET-B,PET-CO,BNK-L4-2,20261204,25000,KG
POQ4-0464,10,SUP-PET-B,PET-CO,BNK-L4-2,20261207,50000,KG
POQ4-0465,10,SUP-PET-B,PET-CO,BNK-L4-2,20261212,25000,KG
POQ4-0466,10,SUP-PET-B,PET-CO,BNK-L4-2,20261215,25000,KG
POQ4-0467,10,SUP-PET-B,PET-CO,BNK-L4-2,20261218,25000,KG
POQ4-0468,10,SUP-PET-B,PET-CO,BNK-L4-2,20261221,50000,KG
POQ4-0469,10,SUP-PET-B,PET-CO,BNK-L4-2,20261226,25000,KG
POQ4-0470,10,SUP-PET-B,PET-CO,BNK-L4-2,20261229,25000,KG
POQ4-0471,10,SUP-ADD-A,MB-WH,BNK-L4-3,20261005,3000,KG
POQ4-0472,10,SUP-ADD-A,MB-WH,BNK-L4-3,20261009,3000,KG
POQ4-0473,10,SUP-ADD-A,MB-WH,BNK-L4-3,20261012,3000,KG
POQ4-0474,10,SUP-ADD-A,MB-WH,BNK-L4-3,20261015,2000,KG
POQ4-0475,10,SUP-ADD-A,MB-WH,BNK-L4-3,20261018,3000,KG
POQ4-0476,10,SUP-ADD-A,MB-WH,BNK-L4-3,20261021,2000,KG
POQ4-0477,10,SUP-ADD-A,MB-WH,BNK-L4-3,20261023,2000,KG
POQ4-0478,10,SUP-ADD-A,MB-WH,BNK-L4-3,20261026,3000,KG
POQ4-0479,10,SUP-ADD-A,MB-WH,BNK-L4-3,20261029,2000,KG
POQ4-0480,10,SUP-ADD-A,MB-WH,BNK-L4-3,20261101,3000,KG
POQ4-0481,10,SUP-ADD-A,MB-WH,BNK-L4-3,20261104,3000,KG
POQ4-0482,10,SUP-ADD-A,MB-WH,BNK-L4-3,20261107,2000,KG
POQ4-0483,10,SUP-ADD-A,MB-WH,BNK-L4-3,20261110,3000,KG
POQ4-0484,10,SUP-ADD-A,MB-WH,BNK-L4-3,20261113,2000,KG
POQ4-0485,10,SUP-ADD-A,MB-WH,BNK-L4-3,20261115,2000,KG
POQ4-0486,10,SUP-ADD-A,MB-WH,BNK-L4-3,20261118,3000,KG
POQ4-0487,10,SUP-ADD-A,MB-WH,BNK-L4-3,20261121,2000,KG
POQ4-0488,10,SUP-ADD-A,MB-WH,BNK-L4-3,20261123,2000,KG
POQ4-0489,10,SUP-ADD-A,MB-WH,BNK-L4-3,20261126,3000,KG
POQ4-0490,10,SUP-ADD-A,MB-WH,BNK-L4-3,20261129,2000,KG
POQ4-0491,10,SUP-ADD-A,MB-WH,BNK-L4-3,20261201,2000,KG
POQ4-0492,10,SUP-ADD-A,MB-WH,BNK-L4-3,20261204,3000,KG
POQ4-0493,10,SUP-ADD-A,MB-WH,BNK-L4-3,20261207,2000,KG
POQ4-0494,10,SUP-ADD-A,MB-WH,BNK-L4-3,20261210,3000,KG
POQ4-0495,10,SUP-ADD-A,MB-WH,BNK-L4-3,20261213,3000,KG
POQ4-0496,10,SUP-ADD-A,MB-WH,BNK-L4-3,20261216,2000,KG
POQ4-0497,10,SUP-ADD-A,MB-WH,BNK-L4-3,20261219,3000,KG
POQ4-0498,10,SUP-ADD-A,MB-WH,BNK-L4-3,20261222,2000,KG
POQ4-0499,10,SUP-ADD-A,MB-WH,BNK-L4-3,20261225,3000,KG
POQ4-0500,10,SUP-ADD-A,MB-WH,BNK-L4-3,20261228,3000,KG
POQ4-0501,10,SUP-ADD-A,MB-UV,BNK-L4-4,20261012,2000,KG
POQ4-0502,10,SUP-ADD-A,MB-UV,BNK-L4-4,20261016,2000,KG
POQ4-0503,10,SUP-ADD-A,MB-UV,BNK-L4-4,20261019,2000,KG
POQ4-0504,10,SUP-ADD-A,MB-UV,BNK-L4-4,20261023,2000,KG
POQ4-0505,10,SUP-ADD-A,MB-UV,BNK-L4-4,20261027,2000,KG
POQ4-0506,10,SUP-ADD-A,MB-UV,BNK-L4-4,20261031,2000,KG
POQ4-0507,10,SUP-ADD-A,MB-UV,BNK-L4-4,20261103,2000,KG
POQ4-0508,10,SUP-ADD-A,MB-UV,BNK-L4-4,20261107,2000,KG
POQ4-0509,10,SUP-ADD-A,MB-UV,BNK-L4-4,20261111,2000,KG
POQ4-0510,10,SUP-ADD-A,MB-UV,BNK-L4-4,20261115,2,TO
POQ4-0511,10,SUP-ADD-A,MB-UV,BNK-L4-4,20261118,2000,KG
POQ4-0512,10,SUP-ADD-A,MB-UV,BNK-L4-4,20261122,2000,KG
POQ4-0513,10,SUP-ADD-A,MB-UV,BNK-L4-4,20261126,2000,KG
POQ4-0514,10,SUP-ADD-A,MB-UV,BNK-L4-4,20261130,2000,KG
POQ4-0515,10,SUP-ADD-A,MB-UV,BNK-L4-4,20261203,2000,KG
POQ4-0516,10,SUP-ADD-A,MB-UV,BNK-L4-4,20261207,2000,KG
POQ4-0517,10,SUP-ADD-A,MB-UV,BNK-L4-4,20261211,2000,KG
POQ4-0518,10,SUP-ADD-A,MB-UV,BNK-L4-4,20261215,2000,KG
POQ4-0519,10,SUP-ADD-A,MB-UV,BNK-L4-4,20261219,2000,KG
POQ4-0520,10,SUP-ADD-A,MB-UV,BNK-L4-4,20261222,1000,KG
POQ4-0521,10,SUP-ADD-A,MB-UV,BNK-L4-4,20261224,2000,KG
POQ4-0522,10,SUP-ADD-A,MB-UV,BNK-L4-4,20261228,2000,KG
POQ4-0523,10,SUP-NY-A,NY6-F,BNK-L5-1,20261001,62118,KG
POQ4-0524,10,SUP-NY-A,NY6-F,BNK-L5-1,20261003,47246,KG
POQ4-0525,10,SUP-NY-A,NY6-F,BNK-L5-1,20261005,45906,KG
POQ4-0526,10,SUP-NY-A,NY6-F,BNK-L5-1,20261007,45612,KG
POQ4-0527,10,SUP-NY-A,NY6-F,BNK-L5-1,20261009,47806,KG
POQ4-0528,10,SUP-NY-A,NY6-F,BNK-L5-1,20261011,45970,KG
POQ4-0529,10,SUP-NY-A,NY6-F,BNK-L5-1,20261013,47246,KG
POQ4-0530,10,SUP-NY-A,NY6-F,BNK-L5-1,20261015,45906,KG
POQ4-0531,10,SUP-NY-A,NY6-F,BNK-L5-1,20261017,45612,KG
POQ4-0532,10,SUP-NY-A,NY6-F,BNK-L5-1,20261019,47806,KG
POQ4-0533,10,SUP-NY-A,NY6-F,BNK-L5-1,20261021,45970,KG
POQ4-0534,10,SUP-NY-A,NY6-F,BNK-L5-1,20261023,47246,KG
POQ4-0535,10,SUP-NY-A,NY6-F,BNK-L5-1,20261025,45906,KG
POQ4-0536,10,SUP-NY-A,NY6-F,BNK-L5-1,20261027,45612,KG
POQ4-0537,10,SUP-NY-A,NY6-F,BNK-L5-1,20261029,47806,KG
POQ4-0538,10,SUP-NY-A,NY6-F,BNK-L5-1,20261031,45970,KG
POQ4-0539,10,SUP-NY-A,NY6-F,BNK-L5-1,20261102,47246,KG
POQ4-0540,10,SUP-NY-A,NY6-F,BNK-L5-1,20261104,45906,KG
POQ4-0541,10,SUP-NY-A,NY6-F,BNK-L5-1,20261106,45612,KG
POQ4-0542,10,SUP-NY-A,NY6-F,BNK-L5-1,20261108,47806,KG
POQ4-0543,10,SUP-NY-A,NY6-F,BNK-L5-1,20261110,45970,KG
POQ4-0544,10,SUP-NY-A,NY6-F,BNK-L5-1,20261112,47246,KG
POQ4-0545,10,SUP-NY-A,NY6-F,BNK-L5-1,20261114,45906,KG
POQ4-0546,10,SUP-NY-A,NY6-F,BNK-L5-1,20261116,45612,KG
POQ4-0547,10,SUP-NY-A,NY6-F,BNK-L5-1,20261118,47806,KG
POQ4-0548,10,SUP-NY-A,NY6-F,BNK-L5-1,20261120,45970,KG
POQ4-0549,10,SUP-NY-A,NY6-F,BNK-L5-1,20261122,47246,KG
POQ4-0550,10,SUP-NY-A,NY6-F,BNK-L5-1,20261124,45906,KG
POQ4-0551,10,SUP-NY-A,NY6-F,BNK-L5-1,20261126,45612,KG
POQ4-0552,10,SUP-NY-A,NY6-F,BNK-L5-1,20261128,47806,KG
POQ4-0553,10,SUP-NY-A,NY6-F,BNK-L5-1,20261130,45970,KG
POQ4-0554,10,SUP-NY-A,NY6-F,BNK-L5-1,20261202,47246,KG
POQ4-0555,10,SUP-NY-A,NY6-F,BNK-L5-1,20261204,45906,KG
POQ4-0556,10,SUP-NY-A,NY6-F,BNK-L5-1,20261206,45612,KG
POQ4-0557,10,SUP-NY-A,NY6-F,BNK-L5-1,20261208,47806,KG
POQ4-0558,10,SUP-NY-A,NY6-F,BNK-L5-1,20261210,45970,KG
POQ4-0559,10,SUP-NY-A,NY6-F,BNK-L5-1,20261212,47246,KG
POQ4-0560,10,SUP-NY-A,NY6-F,BNK-L5-1,20261214,45906,KG
POQ4-0561,10,SUP-NY-A,NY6-F,BNK-L5-1,20261216,45612,KG
POQ4-0562,10,SUP-NY-A,NY6-F,BNK-L5-1,20261218,47806,KG
POQ4-0563,10,SUP-NY-A,NY6-F,BNK-L5-1,20261220,45970,KG
POQ4-0564,10,SUP-NY-A,NY6-F,BNK-L5-1,20261222,47246,KG
POQ4-0565,10,SUP-NY-A,NY6-F,BNK-L5-1,20261224,45906,KG
POQ4-0566,10,SUP-NY-A,NY6-F,BNK-L5-1,20261226,45612,KG
POQ4-0567,10,SUP-NY-A,NY6-F,BNK-L5-1,20261228,47806,KG
POQ4-0568,10,SUP-NY-A,NY6-F,BNK-L5-1,20261230,45970,KG
POQ4-0569,10,SUP-NY-B,NY6-H,BNK-L5-2,20261010,25000,KG
POQ4-0570,10,SUP-NY-B,NY6-H,BNK-L5-2,20261014,25000,KG
POQ4-0571,10,SUP-NY-B,NY6-H,BNK-L5-2,20261019,25000,KG
POQ4-0572,10,SUP-NY-B,NY6-H,BNK-L5-2,20261023,25000,KG
POQ4-0573,10,SUP-NY-B,NY6-H,BNK-L5-2,20261028,25000,KG
POQ4-0574,10,SUP-NY-B,NY6-H,BNK-L5-2,20261101,25000,KG
POQ4-0575,10,SUP-NY-B,NY6-H,BNK-L5-2,20261106,25000,KG
POQ4-0576,10,SUP-NY-B,NY6-H,BNK-L5-2,20261110,25000,KG
POQ4-0577,10,SUP-NY-B,NY6-H,BNK-L5-2,20261115,25000,KG
POQ4-0578,10,SUP-NY-B,NY6-H,BNK-L5-2,20261119,25000,KG
POQ4-0579,10,SUP-NY-B,NY6-H,BNK-L5-2,20261124,25000,KG
POQ4-0580,10,SUP-NY-B,NY6-H,BNK-L5-2,20261129,25000,KG
POQ4-0581,10,SUP-NY-B,NY6-H,BNK-L5-2,20261203,25000,KG
POQ4-0582,10,SUP-NY-B,NY6-H,BNK-L5-2,20261208,25000,KG
POQ4-0583,10,SUP-NY-B,NY6-H,BNK-L5-2,20261212,25000,KG
POQ4-0584,10,SUP-NY-B,NY6-H,BNK-L5-2,20261217,25000,KG
POQ4-0585,10,SUP-NY-B,NY6-H,BNK-L5-2,20261221,25000,KG
POQ4-0586,10,SUP-NY-B,NY6-H,BNK-L5-2,20261226,25000,KG
POQ4-0587,10,SUP-ADD-A,MB-NA,BNK-L5-3,20261010,2000,KG
POQ4-0588,10,SUP-ADD-A,MB-NA,BNK-L5-3,20261014,2000,KG
POQ4-0589,10,SUP-ADD-A,MB-NA,BNK-L5-3,20261018,1000,KG
POQ4-0590,10,SUP-ADD-A,MB-NA,BNK-L5-3,20261021,2000,KG
POQ4-0591,10,SUP-ADD-A,MB-NA,BNK-L5-3,20261025,2000,KG
POQ4-0592,10,SUP-ADD-A,MB-NA,BNK-L5-3,20261029,2000,KG
POQ4-0593,10,SUP-ADD-A,MB-NA,BNK-L5-3,20261102,2000,KG
POQ4-0594,10,SUP-ADD-A,MB-NA,BNK-L5-3,20261106,2000,KG
POQ4-0595,10,SUP-ADD-A,MB-NA,BNK-L5-3,20261110,2000,KG
POQ4-0596,10,SUP-ADD-A,MB-NA,BNK-L5-3,20261114,2000,KG
POQ4-0597,10,SUP-ADD-A,MB-NA,BNK-L5-3,20261118,2000,KG
POQ4-0598,10,SUP-ADD-A,MB-NA,BNK-L5-3,20261122,2000,KG
POQ4-0599,10,SUP-ADD-A,MB-NA,BNK-L5-3,20261126,2000,KG
POQ4-0600,10,SUP-ADD-A,MB-NA,BNK-L5-3,20261130,1000,KG
POQ4-0601,10,SUP-ADD-A,MB-NA,BNK-L5-3,20261202,1000,KG
POQ4-0602,10,SUP-ADD-A,MB-NA,BNK-L5-3,20261205,2000,KG
POQ4-0603,10,SUP-ADD-A,MB-NA,BNK-L5-3,20261209,2000,KG
POQ4-0604,10,SUP-ADD-A,MB-NA,BNK-L5-3,20261213,2000,KG
POQ4-0605,10,SUP-ADD-A,MB-NA,BNK-L5-3,20261217,2000,KG
POQ4-0606,10,SUP-ADD-A,MB-NA,BNK-L5-3,20261221,2000,KG
POQ4-0607,10,SUP-ADD-A,MB-NA,BNK-L5-3,20261225,2000,KG
POQ4-0608,10,SUP-ADD-A,MB-NA,BNK-L5-3,20261229,2000,KG
POQ4-0609,10,SUP-ADD-A,MB-NS,BNK-L5-4,20261018,1000,KG
POQ4-0610,10,SUP-ADD-A,MB-NS,BNK-L5-4,20261022,1000,KG
POQ4-0611,10,SUP-ADD-A,MB-NS,BNK-L5-4,20261025,1000,KG
POQ4-0612,10,SUP-ADD-A,MB-NS,BNK-L5-4,20261028,1000,KG
POQ4-0613,10,SUP-ADD-A,MB-NS,BNK-L5-4,20261031,1000,KG
POQ4-0614,10,SUP-ADD-A,MB-NS,BNK-L5-4,20261103,1000,KG
POQ4-0615,10,SUP-ADD-A,MB-NS,BNK-L5-4,20261106,1000,KG
POQ4-0616,10,SUP-ADD-A,MB-NS,BNK-L5-4,20261110,1000,KG
POQ4-0617,10,SUP-ADD-A,MB-NS,BNK-L5-4,20261113,1000,KG
POQ4-0618,10,SUP-ADD-A,MB-NS,BNK-L5-4,20261116,1000,KG
POQ4-0619,10,SUP-ADD-A,MB-NS,BNK-L5-4,20261119,1000,KG
POQ4-0620,10,SUP-ADD-A,MB-NS,BNK-L5-4,20261122,1000,KG
POQ4-0621,10,SUP-ADD-A,MB-NS,BNK-L5-4,20261126,1000,KG
POQ4-0622,10,SUP-ADD-A,MB-NS,BNK-L5-4,20261129,1000,KG
POQ4-0623,10,SUP-ADD-A,MB-NS,BNK-L5-4,20261202,1000,KG
POQ4-0624,10,SUP-ADD-A,MB-NS,BNK-L5-4,20261205,1000,KG
POQ4-0625,10,SUP-ADD-A,MB-NS,BNK-L5-4,20261208,1000,KG
POQ4-0626,10,SUP-ADD-A,MB-NS,BNK-L5-4,20261211,1000,KG
POQ4-0627,10,SUP-ADD-A,MB-NS,BNK-L5-4,20261215,1000,KG
POQ4-0628,10,SUP-ADD-A,MB-NS,BNK-L5-4,20261218,1000,KG
POQ4-0629,10,SUP-ADD-A,MB-NS,BNK-L5-4,20261221,1000,KG
POQ4-0630,10,SUP-ADD-A,MB-NS,BNK-L5-4,20261224,1000,KG
POQ4-0631,10,SUP-ADD-A,MB-NS,BNK-L5-4,20261227,1000,KG
POQ4-0632,10,SUP-NY-A,NY6-F,BNK-L6-1,20261001,65127,KG
POQ4-0633,10,SUP-NY-A,NY6-F,BNK-L6-1,20261004,65457,KG
POQ4-0634,10,SUP-NY-A,NY6-F,BNK-L6-1,20261007,66402,KG
POQ4-0635,10,SUP-NY-A,NY6-F,BNK-L6-1,20261010,64814,KG
POQ4-0636,10,SUP-NY-A,NY6-F,BNK-L6-1,20261013,65488,KG
POQ4-0637,10,SUP-NY-A,NY6-F,BNK-L6-1,20261016,64539,KG
POQ4-0638,10,SUP-NY-A,NY6-F,BNK-L6-1,20261019,65457,KG
POQ4-0639,10,SUP-NY-A,NY6-F,BNK-L6-1,20261022,66402,KG
POQ4-0640,10,SUP-NY-A,NY6-F,BNK-L6-1,20261025,64814,KG
POQ4-0641,10,SUP-NY-A,NY6-F,BNK-L6-1,20261028,65488,KG
POQ4-0642,10,SUP-NY-A,NY6-F,BNK-L6-1,20261031,64539,KG
POQ4-0643,10,SUP-NY-A,NY6-F,BNK-L6-1,20261103,65457,KG
POQ4-0644,10,SUP-NY-A,NY6-F,BNK-L6-1,20261106,66402,KG
POQ4-0645,10,SUP-NY-A,NY6-F,BNK-L6-1,20261109,64814,KG
POQ4-0646,10,SUP-NY-A,NY6-F,BNK-L6-1,20261112,65488,KG
POQ4-0647,10,SUP-NY-A,NY6-F,BNK-L6-1,20261115,64539,KG
POQ4-0648,10,SUP-NY-A,NY6-F,BNK-L6-1,20261118,65457,KG
POQ4-0649,10,SUP-NY-A,NY6-F,BNK-L6-1,20261121,66402,KG
POQ4-0650,10,SUP-NY-A,NY6-F,BNK-L6-1,20261124,64814,KG
POQ4-0651,10,SUP-NY-A,NY6-F,BNK-L6-1,20261127,65488,KG
POQ4-0652,10,SUP-NY-A,NY6-F,BNK-L6-1,20261130,64539,KG
POQ4-0653,10,SUP-NY-A,NY6-F,BNK-L6-1,20261203,65457,KG
POQ4-0654,10,SUP-NY-A,NY6-F,BNK-L6-1,20261206,66402,KG
POQ4-0655,10,SUP-NY-A,NY6-F,BNK-L6-1,20261209,64814,KG
POQ4-0656,10,SUP-NY-A,NY6-F,BNK-L6-1,20261212,65488,KG
POQ4-0657,10,SUP-NY-A,NY6-F,BNK-L6-1,20261215,64539,KG
POQ4-0658,10,SUP-NY-A,NY6-F,BNK-L6-1,20261218,65457,KG
POQ4-0659,10,SUP-NY-A,NY6-F,BNK-L6-1,20261221,66402,KG
POQ4-0660,10,SUP-NY-A,NY6-F,BNK-L6-1,20261224,64814,KG
POQ4-0661,10,SUP-NY-A,NY6-F,BNK-L6-1,20261227,65488,KG
POQ4-0662,10,SUP-NY-A,NY6-F,BNK-L6-1,20261230,64539,KG
POQ4-0663,10,SUP-NY-B,NY6-H,BNK-L6-2,20261010,25000,KG
POQ4-0664,10,SUP-NY-B,NY6-H,BNK-L6-2,20261015,25000,KG
POQ4-0665,10,SUP-NY-B,NY6-H,BNK-L6-2,20261020,25000,KG
POQ4-0666,10,SUP-NY-B,NY6-H,BNK-L6-2,20261026,25000,KG
POQ4-0667,10,SUP-NY-B,NY6-H,BNK-L6-2,20261031,25000,KG
POQ4-0668,10,SUP-NY-B,NY6-H,BNK-L6-2,20261105,25000,KG
POQ4-0669,10,SUP-NY-B,NY6-H,BNK-L6-2,20261110,25000,KG
POQ4-0670,10,SUP-NY-B,NY6-H,BNK-L6-2,20261115,25000,KG
POQ4-0671,10,SUP-NY-B,NY6-H,BNK-L6-2,20261120,25000,KG
POQ4-0672,10,SUP-NY-B,NY6-H,BNK-L6-2,20261125,25000,KG
POQ4-0673,10,SUP-NY-B,NY6-H,BNK-L6-2,20261130,25000,KG
POQ4-0674,10,SUP-NY-B,NY6-H,BNK-L6-2,20261205,25000,KG
POQ4-0675,10,SUP-NY-B,NY6-H,BNK-L6-2,20261210,25000,KG
POQ4-0676,10,SUP-NY-B,NY6-H,BNK-L6-2,20261215,25000,KG
POQ4-0677,10,SUP-NY-B,NY6-H,BNK-L6-2,20261221,25000,KG
POQ4-0678,10,SUP-NY-B,NY6-H,BNK-L6-2,20261226,25000,KG
POQ4-0679,10,SUP-ADD-A,MB-NA,BNK-L6-3,20261010,1000,KG
POQ4-0680,10,SUP-ADD-A,MB-NA,BNK-L6-3,20261012,1000,KG
POQ4-0681,10,SUP-ADD-A,MB-NA,BNK-L6-3,20261015,2000,KG
POQ4-0682,10,SUP-ADD-A,MB-NA,BNK-L6-3,20261019,2000,KG
POQ4-0683,10,SUP-ADD-A,MB-NA,BNK-L6-3,20261023,1000,KG
POQ4-0684,10,SUP-ADD-A,MB-NA,BNK-L6-3,20261026,2000,KG
POQ4-0685,10,SUP-ADD-A,MB-NA,BNK-L6-3,20261030,2000,KG
POQ4-0686,10,SUP-ADD-A,MB-NA,BNK-L6-3,20261104,2000,KG
POQ4-0687,10,SUP-ADD-A,MB-NA,BNK-L6-3,20261108,2000,KG
POQ4-0688,10,SUP-ADD-A,MB-NA,BNK-L6-3,20261112,2000,KG
POQ4-0689,10,SUP-ADD-A,MB-NA,BNK-L6-3,20261117,2000,KG
POQ4-0690,10,SUP-ADD-A,MB-NA,BNK-L6-3,20261121,2000,KG
POQ4-0691,10,SUP-ADD-A,MB-NA,BNK-L6-3,20261126,2000,KG
POQ4-0692,10,SUP-ADD-A,MB-NA,BNK-L6-3,20261130,2000,KG
POQ4-0693,10,SUP-ADD-A,MB-NA,BNK-L6-3,20261204,1000,KG
POQ4-0694,10,SUP-ADD-A,MB-NA,BNK-L6-3,20261206,1000,KG
POQ4-0695,10,SUP-ADD-A,MB-NA,BNK-L6-3,20261209,2000,KG
POQ4-0696,10,SUP-ADD-A,MB-NA,BNK-L6-3,20261213,2000,KG
POQ4-0697,10,SUP-ADD-A,MB-NA,BNK-L6-3,20261217,1000,KG
POQ4-0698,10,SUP-ADD-A,MB-NA,BNK-L6-3,20261220,2000,KG
POQ4-0699,10,SUP-ADD-A,MB-NA,BNK-L6-3,20261224,2000,KG
POQ4-0700,10,SUP-ADD-A,MB-NA,BNK-L6-3,20261229,2000,KG
POQ4-0701,10,SUP-ADD-A,MB-NS,BNK-L6-4,20261018,1000,KG
POQ4-0702,10,SUP-ADD-A,MB-NS,BNK-L6-4,20261022,1000,KG
POQ4-0703,10,SUP-ADD-A,MB-NS,BNK-L6-4,20261025,1000,KG
POQ4-0704,10,SUP-ADD-A,MB-NS,BNK-L6-4,20261029,1000,KG
POQ4-0705,10,SUP-ADD-A,MB-NS,BNK-L6-4,20261101,1000,KG
POQ4-0706,10,SUP-ADD-A,MB-NS,BNK-L6-4,20261105,1000,KG
POQ4-0707,10,SUP-ADD-A,MB-NS,BNK-L6-4,20261108,1000,KG
POQ4-0708,10,SUP-ADD-A,MB-NS,BNK-L6-4,20261111,1000,KG
POQ4-0709,10,SUP-ADD-A,MB-NS,BNK-L6-4,20261115,1000,KG
POQ4-0710,10,SUP-ADD-A,MB-NS,BNK-L6-4,20261118,1000,KG
POQ4-0711,10,SUP-ADD-A,MB-NS,BNK-L6-4,20261121,1000,KG
POQ4-0712,10,SUP-ADD-A,MB-NS,BNK-L6-4,20261125,1000,KG
POQ4-0713,10,SUP-ADD-A,MB-NS,BNK-L6-4,20261128,1000,KG
POQ4-0714,10,SUP-ADD-A,MB-NS,BNK-L6-4,20261202,1000,KG
POQ4-0715,10,SUP-ADD-A,MB-NS,BNK-L6-4,20261205,1000,KG
POQ4-0716,10,SUP-ADD-A,MB-NS,BNK-L6-4,20261209,1000,KG
POQ4-0717,10,SUP-ADD-A,MB-NS,BNK-L6-4,20261212,1000,KG
POQ4-0718,10,SUP-ADD-A,MB-NS,BNK-L6-4,20261215,1000,KG
POQ4-0719,10,SUP-ADD-A,MB-NS,BNK-L6-4,20261219,1000,KG
POQ4-0720,10,SUP-ADD-A,MB-NS,BNK-L6-4,20261222,1000,KG
POQ4-0721,10,SUP-ADD-A,MB-NS,BNK-L6-4,20261226,1000,KG
POQ4-0722,10,SUP-ADD-A,MB-NS,BNK-L6-4,20261229,1000,KG
POQ4-0723,10,SUP-ADD-A,MB-UV,BNK-L3-4,20261020,5000,KG
POQ4-0006,10,SUP-PET-A,PET-BR,BNK-L1-1,20261006,51971,KG
POQ4-0026,10,SUP-PET-A,PET-BR,BNK-L1-1,20261026,51971,KG
POQ4-0126,10,SUP-PET-A,PET-BR,BNK-L2-1,20261008,43333,KG
POQ4-0226,10,SUP-PET-A,PET-RC,BNK-L2-2,20261201,50000,KG
POQ4-0426,10,SUP-PET-A,PET-BR,BNK-L4-1,20261124,80876,KG
POQ4-BADN-1,10,SUP-PET-A,PET-BR,BNK-L1-1,20261015,,KG
POQ4-BADN-2,10,SUP-PET-A,PET-RC,BNK-L2-2,20261016,,KG
POQ4-BADN-3,10,SUP-MB-A,MB-SL,BNK-L3-3,20261017,,KG
POQ4-BADN-4,10,SUP-ADD-A,MB-UV,BNK-L4-4,20261018,,KG
POQ4-BADU-1,10,SUP-PET-A,UNK-1,BNK-L1-1,20261105,12000,KG
POQ4-BADU-2,10,SUP-PET-A,UNK-2,BNK-L2-4,20261106,12000,KG
POQ4-BADU-3,10,SUP-PET-A,UNK-3,BNK-L4-3,20261107,12000,KG
